Session,Site,Day,Start Time,End Time,Shift Length
Fall Temp,Central Reading Room,Monday , 09:00:00 AM,12:00:00 PM,1
Fall Temp,Central Reading Room,Tuesday , 09:00:00 AM,10:00:00 PM,1
Fall Temp,Central Reading Room,Wednesday , 09:00:00 AM,10:00:00 PM,1
Fall Temp,Central Reading Room,Thursday , 09:00:00 AM,10:00:00 PM,1
Fall Temp,Central Reading Room,Friday , 09:00:00 AM,10:00:00 PM,1
Fall Temp,Central Reading Room,Saturday , 09:00:00 AM,10:00:00 PM,1
Fall Temp,Central Reading Room,Sunday , 09:00:00 AM,10:00:00 PM,1
Fall Temp,Chemistry 432 Sinc Site,Monday , 09:00:00 AM,10:00:00 PM,1
Fall Temp,Chemistry 432 Sinc Site,Tuesday , 09:00:00 AM,10:00:00 PM,1
Fall Temp,Chemistry 432 Sinc Site,Wednesday , 09:00:00 AM,10:00:00 PM,1
Fall Temp,Chemistry 432 Sinc Site,Thursday , 09:00:00 AM,10:00:00 PM,1
Fall Temp,Chemistry 432 Sinc Site,Friday , 09:00:00 AM,10:00:00 PM,1
Fall Temp,Chemistry 432 Sinc Site,Saturday , 09:00:00 AM,10:00:00 PM,1
Fall Temp,Chemistry 432 Sinc Site,Sunday , 09:00:00 AM,10:00:00 PM,1
Fall Temp,Chemistry 434 SINC Site,Monday , 09:00:00 AM,10:00:00 PM,1
Fall Temp,Chemistry 434 SINC Site,Tuesday , 09:00:00 AM,10:00:00 PM,1
Fall Temp,Chemistry 434 SINC Site,Wednesday , 09:00:00 AM,10:00:00 PM,1
Fall Temp,Chemistry 434 SINC Site,Thursday , 09:00:00 AM,10:00:00 PM,1
Fall Temp,Chemistry 434 SINC Site,Friday , 09:00:00 AM,10:00:00 PM,1
Fall Temp,Chemistry 434 SINC Site,Saturday , 09:00:00 AM,10:00:00 PM,1
Fall Temp,Chemistry 434 SINC Site,Sunday , 09:00:00 AM,10:00:00 PM,1
Fall Temp,Computer Science SINC Site,Monday , 09:00:00 AM,10:00:00 PM,1
Fall Temp,Computer Science SINC Site,Tuesday , 09:00:00 AM,10:00:00 PM,1
Fall Temp,Computer Science SINC Site,Wednesday , 09:00:00 AM,10:00:00 PM,1
Fall Temp,Computer Science SINC Site,Thursday , 09:00:00 AM,10:00:00 PM,1
Fall Temp,Computer Science SINC Site,Friday , 09:00:00 AM,10:00:00 PM,1
Fall Temp,Computer Science SINC Site,Saturday , 09:00:00 AM,10:00:00 PM,1
Fall Temp,Computer Science SINC Site,Sunday , 09:00:00 AM,10:00:00 PM,1
Fall Temp,ESS SINC Site,Monday , 09:00:00 AM,10:00:00 PM,1
Fall Temp,ESS SINC Site,Tuesday , 09:00:00 AM,10:00:00 PM,1
Fall Temp,ESS SINC Site,Wednesday , 09:00:00 AM,10:00:00 PM,1
Fall Temp,ESS SINC Site,Thursday , 09:00:00 AM,10:00:00 PM,1
Fall Temp,ESS SINC Site,Friday , 09:00:00 AM,10:00:00 PM,1
Fall Temp,ESS SINC Site,Saturday , 09:00:00 AM,10:00:00 PM,1
Fall Temp,ESS SINC Site,Sunday , 09:00:00 AM,10:00:00 PM,1
Fall Temp,Engineering SINC Site,Monday , 09:00:00 AM,10:00:00 PM,1
Fall Temp,Engineering SINC Site,Tuesday , 09:00:00 AM,10:00:00 PM,1
Fall Temp,Engineering SINC Site,Wednesday , 09:00:00 AM,10:00:00 PM,1
Fall Temp,Engineering SINC Site,Thursday , 09:00:00 AM,10:00:00 PM,1
Fall Temp,Engineering SINC Site,Friday , 09:00:00 AM,10:00:00 PM,1
Fall Temp,Engineering SINC Site,Saturday , 09:00:00 AM,10:00:00 PM,1
Fall Temp,Engineering SINC Site,Sunday , 09:00:00 AM,10:00:00 PM,1
Fall Temp,Fine Arts Hybrid SINC Site,Monday , 09:00:00 AM,10:00:00 PM,1
Fall Temp,Fine Arts Hybrid SINC Site,Tuesday , 09:00:00 AM,10:00:00 PM,1
Fall Temp,Fine Arts Hybrid SINC Site,Wednesday , 09:00:00 AM,10:00:00 PM,1
Fall Temp,Fine Arts Hybrid SINC Site,Thursday , 09:00:00 AM,10:00:00 PM,1
Fall Temp,Fine Arts Hybrid SINC Site,Friday , 09:00:00 AM,10:00:00 PM,1
Fall Temp,Fine Arts Hybrid SINC Site,Saturday , 09:00:00 AM,10:00:00 PM,1
Fall Temp,Fine Arts Hybrid SINC Site,Sunday , 09:00:00 AM,10:00:00 PM,1
Fall Temp,Fine Arts eMedia SINC Site,Monday , 09:00:00 AM,10:00:00 PM,1
Fall Temp,Fine Arts eMedia SINC Site,Tuesday , 09:00:00 AM,10:00:00 PM,1
Fall Temp,Fine Arts eMedia SINC Site,Wednesday , 09:00:00 AM,10:00:00 PM,1
Fall Temp,Fine Arts eMedia SINC Site,Thursday , 09:00:00 AM,10:00:00 PM,1
Fall Temp,Fine Arts eMedia SINC Site,Friday , 09:00:00 AM,10:00:00 PM,1
Fall Temp,Fine Arts eMedia SINC Site,Saturday , 09:00:00 AM,10:00:00 PM,1
Fall Temp,Fine Arts eMedia SINC Site,Sunday , 09:00:00 AM,10:00:00 PM,1
Fall Temp,Harriman Hall SINC Site,Monday , 09:00:00 AM,10:00:00 PM,1
Fall Temp,Harriman Hall SINC Site,Tuesday , 09:00:00 AM,10:00:00 PM,1
Fall Temp,Harriman Hall SINC Site,Wednesday , 09:00:00 AM,10:00:00 PM,1
Fall Temp,Harriman Hall SINC Site,Thursday , 09:00:00 AM,10:00:00 PM,1
Fall Temp,Harriman Hall SINC Site,Friday , 09:00:00 AM,10:00:00 PM,1
Fall Temp,Harriman Hall SINC Site,Saturday , 09:00:00 AM,10:00:00 PM,1
Fall Temp,Harriman Hall SINC Site,Sunday , 09:00:00 AM,10:00:00 PM,1
Fall Temp,Humanities SINC Site,Monday , 09:00:00 AM,10:00:00 PM,1
Fall Temp,Humanities SINC Site,Tuesday , 09:00:00 AM,10:00:00 PM,1
Fall Temp,Humanities SINC Site,Wednesday , 09:00:00 AM,10:00:00 PM,1
Fall Temp,Humanities SINC Site,Thursday , 09:00:00 AM,10:00:00 PM,1
Fall Temp,Humanities SINC Site,Friday , 09:00:00 AM,10:00:00 PM,1
Fall Temp,Humanities SINC Site,Saturday , 09:00:00 AM,10:00:00 PM,1
Fall Temp,Humanities SINC Site,Sunday , 09:00:00 AM,10:00:00 PM,1
Fall Temp,Life Sciences SINC Site,Monday , 09:00:00 AM,10:00:00 PM,1
Fall Temp,Life Sciences SINC Site,Tuesday , 09:00:00 AM,10:00:00 PM,1
Fall Temp,Life Sciences SINC Site,Wednesday , 09:00:00 AM,10:00:00 PM,1
Fall Temp,Life Sciences SINC Site,Thursday , 09:00:00 AM,10:00:00 PM,1
Fall Temp,Life Sciences SINC Site,Friday , 09:00:00 AM,10:00:00 PM,1
Fall Temp,Life Sciences SINC Site,Saturday , 09:00:00 AM,10:00:00 PM,1
Fall Temp,Life Sciences SINC Site,Sunday , 09:00:00 AM,10:00:00 PM,1
Fall Temp,Math SINC Site,Monday , 09:00:00 AM,10:00:00 PM,1
Fall Temp,Math SINC Site,Tuesday , 09:00:00 AM,10:00:00 PM,1
Fall Temp,Math SINC Site,Wednesday , 09:00:00 AM,10:00:00 PM,1
Fall Temp,Math SINC Site,Thursday , 09:00:00 AM,10:00:00 PM,1
Fall Temp,Math SINC Site,Friday , 09:00:00 AM,10:00:00 PM,1
Fall Temp,Math SINC Site,Saturday , 09:00:00 AM,10:00:00 PM,1
Fall Temp,Math SINC Site,Sunday , 09:00:00 AM,10:00:00 PM,1
Fall Temp,Melville Library SINC Site,Monday , 09:00:00 AM,10:00:00 PM,1
Fall Temp,Melville Library SINC Site,Tuesday , 09:00:00 AM,10:00:00 PM,1
Fall Temp,Melville Library SINC Site,Wednesday , 09:00:00 AM,10:00:00 PM,1
Fall Temp,Melville Library SINC Site,Thursday , 09:00:00 AM,10:00:00 PM,1
Fall Temp,Melville Library SINC Site,Friday , 09:00:00 AM,10:00:00 PM,1
Fall Temp,Melville Library SINC Site,Saturday , 09:00:00 AM,10:00:00 PM,1
Fall Temp,Melville Library SINC Site,Sunday , 09:00:00 AM,10:00:00 PM,1
Fall Temp,North Reading Room,Monday , 09:00:00 AM,10:00:00 PM,1
Fall Temp,North Reading Room,Tuesday , 09:00:00 AM,10:00:00 PM,1
Fall Temp,North Reading Room,Wednesday , 09:00:00 AM,10:00:00 PM,1
Fall Temp,North Reading Room,Thursday , 09:00:00 AM,10:00:00 PM,1
Fall Temp,North Reading Room,Friday , 09:00:00 AM,10:00:00 PM,1
Fall Temp,North Reading Room,Saturday , 09:00:00 AM,10:00:00 PM,1
Fall Temp,North Reading Room,Sunday , 09:00:00 AM,10:00:00 PM,1
Fall Temp,Physics SINC Site,Monday , 09:00:00 AM,10:00:00 PM,1
Fall Temp,Physics SINC Site,Tuesday , 09:00:00 AM,10:00:00 PM,1
Fall Temp,Physics SINC Site,Wednesday , 09:00:00 AM,10:00:00 PM,1
Fall Temp,Physics SINC Site,Thursday , 09:00:00 AM,10:00:00 PM,1
Fall Temp,Physics SINC Site,Friday , 09:00:00 AM,10:00:00 PM,1
Fall Temp,Physics SINC Site,Saturday , 09:00:00 AM,10:00:00 PM,1
Fall Temp,Physics SINC Site,Sunday , 09:00:00 AM,10:00:00 PM,1
Fall Temp,Social and Behavioral Sciences SINC Site,Monday , 09:00:00 AM,10:00:00 PM,1
Fall Temp,Social and Behavioral Sciences SINC Site,Tuesday , 09:00:00 AM,10:00:00 PM,1
Fall Temp,Social and Behavioral Sciences SINC Site,Wednesday , 09:00:00 AM,10:00:00 PM,1
Fall Temp,Social and Behavioral Sciences SINC Site,Thursday , 09:00:00 AM,10:00:00 PM,1
Fall Temp,Social and Behavioral Sciences SINC Site,Friday , 09:00:00 AM,10:00:00 PM,1
Fall Temp,Social and Behavioral Sciences SINC Site,Saturday , 09:00:00 AM,10:00:00 PM,1
Fall Temp,Social and Behavioral Sciences SINC Site,Sunday , 09:00:00 AM,10:00:00 PM,1
Fall Temp,Sports Complex SINC Site,Monday , 09:00:00 AM,10:00:00 PM,1
Fall Temp,Sports Complex SINC Site,Tuesday , 09:00:00 AM,10:00:00 PM,1
Fall Temp,Sports Complex SINC Site,Wednesday , 09:00:00 AM,10:00:00 PM,1
Fall Temp,Sports Complex SINC Site,Thursday , 09:00:00 AM,10:00:00 PM,1
Fall Temp,Sports Complex SINC Site,Friday , 09:00:00 AM,10:00:00 PM,1
Fall Temp,Sports Complex SINC Site,Saturday , 09:00:00 AM,10:00:00 PM,1
Fall Temp,Sports Complex SINC Site,Sunday , 09:00:00 AM,10:00:00 PM,1
Fall Temp,Tabler Digital Arts Media Lab,Monday , 09:00:00 AM,10:00:00 PM,1
Fall Temp,Tabler Digital Arts Media Lab,Tuesday , 09:00:00 AM,10:00:00 PM,1
Fall Temp,Tabler Digital Arts Media Lab,Wednesday , 09:00:00 AM,10:00:00 PM,1
Fall Temp,Tabler Digital Arts Media Lab,Thursday , 09:00:00 AM,10:00:00 PM,1
Fall Temp,Tabler Digital Arts Media Lab,Friday , 09:00:00 AM,10:00:00 PM,1
Fall Temp,Tabler Digital Arts Media Lab,Saturday , 09:00:00 AM,10:00:00 PM,1
Fall Temp,Tabler Digital Arts Media Lab,Sunday , 09:00:00 AM,10:00:00 PM,1
Fall Perm,Central Reading Room,Monday , 09:00:00 AM,10:00:00 PM,1
Fall Perm,Central Reading Room,Tuesday , 09:00:00 AM,10:00:00 PM,1
Fall Perm,Central Reading Room,Wednesday , 09:00:00 AM,10:00:00 PM,1
Fall Perm,Central Reading Room,Thursday , 09:00:00 AM,10:00:00 PM,1
Fall Perm,Central Reading Room,Friday , 09:00:00 AM,10:00:00 PM,1
Fall Perm,Central Reading Room,Saturday , 09:00:00 AM,10:00:00 PM,1
Fall Perm,Central Reading Room,Sunday , 09:00:00 AM,10:00:00 PM,1
Fall Perm,Chemistry 432 Sinc Site,Monday , 09:00:00 AM,10:00:00 PM,1
Fall Perm,Chemistry 432 Sinc Site,Tuesday , 09:00:00 AM,10:00:00 PM,1
Fall Perm,Chemistry 432 Sinc Site,Wednesday , 09:00:00 AM,10:00:00 PM,1
Fall Perm,Chemistry 432 Sinc Site,Thursday , 09:00:00 AM,10:00:00 PM,1
Fall Perm,Chemistry 432 Sinc Site,Friday , 09:00:00 AM,10:00:00 PM,1
Fall Perm,Chemistry 432 Sinc Site,Saturday , 09:00:00 AM,10:00:00 PM,1
Fall Perm,Chemistry 432 Sinc Site,Sunday , 09:00:00 AM,10:00:00 PM,1
Fall Perm,Chemistry 434 SINC Site,Monday , 09:00:00 AM,10:00:00 PM,1
Fall Perm,Chemistry 434 SINC Site,Tuesday , 09:00:00 AM,10:00:00 PM,1
Fall Perm,Chemistry 434 SINC Site,Wednesday , 09:00:00 AM,10:00:00 PM,1
Fall Perm,Chemistry 434 SINC Site,Thursday , 09:00:00 AM,10:00:00 PM,1
Fall Perm,Chemistry 434 SINC Site,Friday , 09:00:00 AM,10:00:00 PM,1
Fall Perm,Chemistry 434 SINC Site,Saturday , 09:00:00 AM,10:00:00 PM,1
Fall Perm,Chemistry 434 SINC Site,Sunday , 09:00:00 AM,10:00:00 PM,1
Fall Perm,Computer Science SINC Site,Monday , 09:00:00 AM,10:00:00 PM,1
Fall Perm,Computer Science SINC Site,Tuesday , 09:00:00 AM,10:00:00 PM,1
Fall Perm,Computer Science SINC Site,Wednesday , 09:00:00 AM,10:00:00 PM,1
Fall Perm,Computer Science SINC Site,Thursday , 09:00:00 AM,10:00:00 PM,1
Fall Perm,Computer Science SINC Site,Friday , 09:00:00 AM,10:00:00 PM,1
Fall Perm,Computer Science SINC Site,Saturday , 09:00:00 AM,10:00:00 PM,1
Fall Perm,Computer Science SINC Site,Sunday , 09:00:00 AM,10:00:00 PM,1
Fall Perm,ESS SINC Site,Monday , 09:00:00 AM,10:00:00 PM,1
Fall Perm,ESS SINC Site,Tuesday , 09:00:00 AM,10:00:00 PM,1
Fall Perm,ESS SINC Site,Wednesday , 09:00:00 AM,10:00:00 PM,1
Fall Perm,ESS SINC Site,Thursday , 09:00:00 AM,10:00:00 PM,1
Fall Perm,ESS SINC Site,Friday , 09:00:00 AM,10:00:00 PM,1
Fall Perm,ESS SINC Site,Saturday , 09:00:00 AM,10:00:00 PM,1
Fall Perm,ESS SINC Site,Sunday , 09:00:00 AM,10:00:00 PM,1
Fall Perm,Engineering SINC Site,Monday , 09:00:00 AM,10:00:00 PM,1
Fall Perm,Engineering SINC Site,Tuesday , 09:00:00 AM,10:00:00 PM,1
Fall Perm,Engineering SINC Site,Wednesday , 09:00:00 AM,10:00:00 PM,1
Fall Perm,Engineering SINC Site,Thursday , 09:00:00 AM,10:00:00 PM,1
Fall Perm,Engineering SINC Site,Friday , 09:00:00 AM,10:00:00 PM,1
Fall Perm,Engineering SINC Site,Saturday , 09:00:00 AM,10:00:00 PM,1
Fall Perm,Engineering SINC Site,Sunday , 09:00:00 AM,10:00:00 PM,1
Fall Perm,Fine Arts Hybrid SINC Site,Monday , 09:00:00 AM,10:00:00 PM,1
Fall Perm,Fine Arts Hybrid SINC Site,Tuesday , 09:00:00 AM,10:00:00 PM,1
Fall Perm,Fine Arts Hybrid SINC Site,Wednesday , 09:00:00 AM,10:00:00 PM,1
Fall Perm,Fine Arts Hybrid SINC Site,Thursday , 09:00:00 AM,10:00:00 PM,1
Fall Perm,Fine Arts Hybrid SINC Site,Friday , 09:00:00 AM,10:00:00 PM,1
Fall Perm,Fine Arts Hybrid SINC Site,Saturday , 09:00:00 AM,10:00:00 PM,1
Fall Perm,Fine Arts Hybrid SINC Site,Sunday , 09:00:00 AM,10:00:00 PM,1
Fall Perm,Fine Arts eMedia SINC Site,Monday , 09:00:00 AM,10:00:00 PM,1
Fall Perm,Fine Arts eMedia SINC Site,Tuesday , 09:00:00 AM,10:00:00 PM,1
Fall Perm,Fine Arts eMedia SINC Site,Wednesday , 09:00:00 AM,10:00:00 PM,1
Fall Perm,Fine Arts eMedia SINC Site,Thursday , 09:00:00 AM,10:00:00 PM,1
Fall Perm,Fine Arts eMedia SINC Site,Friday , 09:00:00 AM,10:00:00 PM,1
Fall Perm,Fine Arts eMedia SINC Site,Saturday , 09:00:00 AM,10:00:00 PM,1
Fall Perm,Fine Arts eMedia SINC Site,Sunday , 09:00:00 AM,10:00:00 PM,1
Fall Perm,Harriman Hall SINC Site,Monday , 09:00:00 AM,10:00:00 PM,1
Fall Perm,Harriman Hall SINC Site,Tuesday , 09:00:00 AM,10:00:00 PM,1
Fall Perm,Harriman Hall SINC Site,Wednesday , 09:00:00 AM,10:00:00 PM,1
Fall Perm,Harriman Hall SINC Site,Thursday , 09:00:00 AM,10:00:00 PM,1
Fall Perm,Harriman Hall SINC Site,Friday , 09:00:00 AM,10:00:00 PM,1
Fall Perm,Harriman Hall SINC Site,Saturday , 09:00:00 AM,10:00:00 PM,1
Fall Perm,Harriman Hall SINC Site,Sunday , 09:00:00 AM,10:00:00 PM,1
Fall Perm,Humanities SINC Site,Monday , 09:00:00 AM,10:00:00 PM,1
Fall Perm,Humanities SINC Site,Tuesday , 09:00:00 AM,10:00:00 PM,1
Fall Perm,Humanities SINC Site,Wednesday , 09:00:00 AM,10:00:00 PM,1
Fall Perm,Humanities SINC Site,Thursday , 09:00:00 AM,10:00:00 PM,1
Fall Perm,Humanities SINC Site,Friday , 09:00:00 AM,10:00:00 PM,1
Fall Perm,Humanities SINC Site,Saturday , 09:00:00 AM,10:00:00 PM,1
Fall Perm,Humanities SINC Site,Sunday , 09:00:00 AM,10:00:00 PM,1
Fall Perm,Life Sciences SINC Site,Monday , 09:00:00 AM,10:00:00 PM,1
Fall Perm,Life Sciences SINC Site,Tuesday , 09:00:00 AM,10:00:00 PM,1
Fall Perm,Life Sciences SINC Site,Wednesday , 09:00:00 AM,10:00:00 PM,1
Fall Perm,Life Sciences SINC Site,Thursday , 09:00:00 AM,10:00:00 PM,1
Fall Perm,Life Sciences SINC Site,Friday , 09:00:00 AM,10:00:00 PM,1
Fall Perm,Life Sciences SINC Site,Saturday , 09:00:00 AM,10:00:00 PM,1
Fall Perm,Life Sciences SINC Site,Sunday , 09:00:00 AM,10:00:00 PM,1
Fall Perm,Math SINC Site,Monday , 09:00:00 AM,10:00:00 PM,1
Fall Perm,Math SINC Site,Tuesday , 09:00:00 AM,10:00:00 PM,1
Fall Perm,Math SINC Site,Wednesday , 09:00:00 AM,10:00:00 PM,1
Fall Perm,Math SINC Site,Thursday , 09:00:00 AM,10:00:00 PM,1
Fall Perm,Math SINC Site,Friday , 09:00:00 AM,10:00:00 PM,1
Fall Perm,Math SINC Site,Saturday , 09:00:00 AM,10:00:00 PM,1
Fall Perm,Math SINC Site,Sunday , 09:00:00 AM,10:00:00 PM,1
Fall Perm,Melville Library SINC Site,Monday , 09:00:00 AM,10:00:00 PM,1
Fall Perm,Melville Library SINC Site,Tuesday , 09:00:00 AM,10:00:00 PM,1
Fall Perm,Melville Library SINC Site,Wednesday , 09:00:00 AM,10:00:00 PM,1
Fall Perm,Melville Library SINC Site,Thursday , 09:00:00 AM,10:00:00 PM,1
Fall Perm,Melville Library SINC Site,Friday , 09:00:00 AM,10:00:00 PM,1
Fall Perm,Melville Library SINC Site,Saturday , 09:00:00 AM,10:00:00 PM,1
Fall Perm,Melville Library SINC Site,Sunday , 09:00:00 AM,10:00:00 PM,1
Fall Perm,North Reading Room,Monday , 09:00:00 AM,10:00:00 PM,1
Fall Perm,North Reading Room,Tuesday , 09:00:00 AM,10:00:00 PM,1
Fall Perm,North Reading Room,Wednesday , 09:00:00 AM,10:00:00 PM,1
Fall Perm,North Reading Room,Thursday , 09:00:00 AM,10:00:00 PM,1
Fall Perm,North Reading Room,Friday , 09:00:00 AM,10:00:00 PM,1
Fall Perm,North Reading Room,Saturday , 09:00:00 AM,10:00:00 PM,1
Fall Perm,North Reading Room,Sunday , 09:00:00 AM,10:00:00 PM,1
Fall Perm,Physics SINC Site,Monday , 09:00:00 AM,10:00:00 PM,1
Fall Perm,Physics SINC Site,Tuesday , 09:00:00 AM,10:00:00 PM,1
Fall Perm,Physics SINC Site,Wednesday , 09:00:00 AM,10:00:00 PM,1
Fall Perm,Physics SINC Site,Thursday , 09:00:00 AM,10:00:00 PM,1
Fall Perm,Physics SINC Site,Friday , 09:00:00 AM,10:00:00 PM,1
Fall Perm,Physics SINC Site,Saturday , 09:00:00 AM,10:00:00 PM,1
Fall Perm,Physics SINC Site,Sunday , 09:00:00 AM,10:00:00 PM,1
Fall Perm,Social and Behavioral Sciences SINC Site,Monday , 09:00:00 AM,10:00:00 PM,1
Fall Perm,Social and Behavioral Sciences SINC Site,Tuesday , 09:00:00 AM,10:00:00 PM,1
Fall Perm,Social and Behavioral Sciences SINC Site,Wednesday , 09:00:00 AM,10:00:00 PM,1
Fall Perm,Social and Behavioral Sciences SINC Site,Thursday , 09:00:00 AM,10:00:00 PM,1
Fall Perm,Social and Behavioral Sciences SINC Site,Friday , 09:00:00 AM,10:00:00 PM,1
Fall Perm,Social and Behavioral Sciences SINC Site,Saturday , 09:00:00 AM,10:00:00 PM,1
Fall Perm,Social and Behavioral Sciences SINC Site,Sunday , 09:00:00 AM,10:00:00 PM,1
Fall Perm,Sports Complex SINC Site,Monday , 09:00:00 AM,10:00:00 PM,1
Fall Perm,Sports Complex SINC Site,Tuesday , 09:00:00 AM,10:00:00 PM,1
Fall Perm,Sports Complex SINC Site,Wednesday , 09:00:00 AM,10:00:00 PM,1
Fall Perm,Sports Complex SINC Site,Thursday , 09:00:00 AM,10:00:00 PM,1
Fall Perm,Sports Complex SINC Site,Friday , 09:00:00 AM,10:00:00 PM,1
Fall Perm,Sports Complex SINC Site,Saturday , 09:00:00 AM,10:00:00 PM,1
Fall Perm,Sports Complex SINC Site,Sunday , 09:00:00 AM,10:00:00 PM,1
Fall Perm,Tabler Digital Arts Media Lab,Monday , 09:00:00 AM,10:00:00 PM,1
Fall Perm,Tabler Digital Arts Media Lab,Tuesday , 09:00:00 AM,10:00:00 PM,1
Fall Perm,Tabler Digital Arts Media Lab,Wednesday , 09:00:00 AM,10:00:00 PM,1
Fall Perm,Tabler Digital Arts Media Lab,Thursday , 09:00:00 AM,10:00:00 PM,1
Fall Perm,Tabler Digital Arts Media Lab,Friday , 09:00:00 AM,10:00:00 PM,1
Fall Perm,Tabler Digital Arts Media Lab,Saturday , 09:00:00 AM,10:00:00 PM,1
Fall Perm,Tabler Digital Arts Media Lab,Sunday , 09:00:00 AM,10:00:00 PM,1
Fall Final,Central Reading Room,Monday , 09:00:00 AM,10:00:00 PM,1
Fall Final,Central Reading Room,Tuesday , 09:00:00 AM,10:00:00 PM,1
Fall Final,Central Reading Room,Wednesday , 09:00:00 AM,10:00:00 PM,1
Fall Final,Central Reading Room,Thursday , 09:00:00 AM,10:00:00 PM,1
Fall Final,Central Reading Room,Friday , 09:00:00 AM,10:00:00 PM,1
Fall Final,Central Reading Room,Saturday , 09:00:00 AM,10:00:00 PM,1
Fall Final,Central Reading Room,Sunday , 09:00:00 AM,10:00:00 PM,1
Fall Final,Chemistry 432 Sinc Site,Monday , 09:00:00 AM,10:00:00 PM,1
Fall Final,Chemistry 432 Sinc Site,Tuesday , 09:00:00 AM,10:00:00 PM,1
Fall Final,Chemistry 432 Sinc Site,Wednesday , 09:00:00 AM,10:00:00 PM,1
Fall Final,Chemistry 432 Sinc Site,Thursday , 09:00:00 AM,10:00:00 PM,1
Fall Final,Chemistry 432 Sinc Site,Friday , 09:00:00 AM,10:00:00 PM,1
Fall Final,Chemistry 432 Sinc Site,Saturday , 09:00:00 AM,10:00:00 PM,1
Fall Final,Chemistry 432 Sinc Site,Sunday , 09:00:00 AM,10:00:00 PM,1
Fall Final,Chemistry 434 SINC Site,Monday , 09:00:00 AM,10:00:00 PM,1
Fall Final,Chemistry 434 SINC Site,Tuesday , 09:00:00 AM,10:00:00 PM,1
Fall Final,Chemistry 434 SINC Site,Wednesday , 09:00:00 AM,10:00:00 PM,1
Fall Final,Chemistry 434 SINC Site,Thursday , 09:00:00 AM,10:00:00 PM,1
Fall Final,Chemistry 434 SINC Site,Friday , 09:00:00 AM,10:00:00 PM,1
Fall Final,Chemistry 434 SINC Site,Saturday , 09:00:00 AM,10:00:00 PM,1
Fall Final,Chemistry 434 SINC Site,Sunday , 09:00:00 AM,10:00:00 PM,1
Fall Final,Computer Science SINC Site,Monday , 09:00:00 AM,10:00:00 PM,1
Fall Final,Computer Science SINC Site,Tuesday , 09:00:00 AM,10:00:00 PM,1
Fall Final,Computer Science SINC Site,Wednesday , 09:00:00 AM,10:00:00 PM,1
Fall Final,Computer Science SINC Site,Thursday , 09:00:00 AM,10:00:00 PM,1
Fall Final,Computer Science SINC Site,Friday , 09:00:00 AM,10:00:00 PM,1
Fall Final,Computer Science SINC Site,Saturday , 09:00:00 AM,10:00:00 PM,1
Fall Final,Computer Science SINC Site,Sunday , 09:00:00 AM,10:00:00 PM,1
Fall Final,ESS SINC Site,Monday , 09:00:00 AM,10:00:00 PM,1
Fall Final,ESS SINC Site,Tuesday , 09:00:00 AM,10:00:00 PM,1
Fall Final,ESS SINC Site,Wednesday , 09:00:00 AM,10:00:00 PM,1
Fall Final,ESS SINC Site,Thursday , 09:00:00 AM,10:00:00 PM,1
Fall Final,ESS SINC Site,Friday , 09:00:00 AM,10:00:00 PM,1
Fall Final,ESS SINC Site,Saturday , 09:00:00 AM,10:00:00 PM,1
Fall Final,ESS SINC Site,Sunday , 09:00:00 AM,10:00:00 PM,1
Fall Final,Engineering SINC Site,Monday , 09:00:00 AM,10:00:00 PM,1
Fall Final,Engineering SINC Site,Tuesday , 09:00:00 AM,10:00:00 PM,1
Fall Final,Engineering SINC Site,Wednesday , 09:00:00 AM,10:00:00 PM,1
Fall Final,Engineering SINC Site,Thursday , 09:00:00 AM,10:00:00 PM,1
Fall Final,Engineering SINC Site,Friday , 09:00:00 AM,10:00:00 PM,1
Fall Final,Engineering SINC Site,Saturday , 09:00:00 AM,10:00:00 PM,1
Fall Final,Engineering SINC Site,Sunday , 09:00:00 AM,10:00:00 PM,1
Fall Final,Fine Arts Hybrid SINC Site,Monday , 09:00:00 AM,10:00:00 PM,1
Fall Final,Fine Arts Hybrid SINC Site,Tuesday , 09:00:00 AM,10:00:00 PM,1
Fall Final,Fine Arts Hybrid SINC Site,Wednesday , 09:00:00 AM,10:00:00 PM,1
Fall Final,Fine Arts Hybrid SINC Site,Thursday , 09:00:00 AM,10:00:00 PM,1
Fall Final,Fine Arts Hybrid SINC Site,Friday , 09:00:00 AM,10:00:00 PM,1
Fall Final,Fine Arts Hybrid SINC Site,Saturday , 09:00:00 AM,10:00:00 PM,1
Fall Final,Fine Arts Hybrid SINC Site,Sunday , 09:00:00 AM,10:00:00 PM,1
Fall Final,Fine Arts eMedia SINC Site,Monday , 09:00:00 AM,10:00:00 PM,1
Fall Final,Fine Arts eMedia SINC Site,Tuesday , 09:00:00 AM,10:00:00 PM,1
Fall Final,Fine Arts eMedia SINC Site,Wednesday , 09:00:00 AM,10:00:00 PM,1
Fall Final,Fine Arts eMedia SINC Site,Thursday , 09:00:00 AM,10:00:00 PM,1
Fall Final,Fine Arts eMedia SINC Site,Friday , 09:00:00 AM,10:00:00 PM,1
Fall Final,Fine Arts eMedia SINC Site,Saturday , 09:00:00 AM,10:00:00 PM,1
Fall Final,Fine Arts eMedia SINC Site,Sunday , 09:00:00 AM,10:00:00 PM,1
Fall Final,Harriman Hall SINC Site,Monday , 09:00:00 AM,10:00:00 PM,1
Fall Final,Harriman Hall SINC Site,Tuesday , 09:00:00 AM,10:00:00 PM,1
Fall Final,Harriman Hall SINC Site,Wednesday , 09:00:00 AM,10:00:00 PM,1
Fall Final,Harriman Hall SINC Site,Thursday , 09:00:00 AM,10:00:00 PM,1
Fall Final,Harriman Hall SINC Site,Friday , 09:00:00 AM,10:00:00 PM,1
Fall Final,Harriman Hall SINC Site,Saturday , 09:00:00 AM,10:00:00 PM,1
Fall Final,Harriman Hall SINC Site,Sunday , 09:00:00 AM,10:00:00 PM,1
Fall Final,Humanities SINC Site,Monday , 09:00:00 AM,10:00:00 PM,1
Fall Final,Humanities SINC Site,Tuesday , 09:00:00 AM,10:00:00 PM,1
Fall Final,Humanities SINC Site,Wednesday , 09:00:00 AM,10:00:00 PM,1
Fall Final,Humanities SINC Site,Thursday , 09:00:00 AM,10:00:00 PM,1
Fall Final,Humanities SINC Site,Friday , 09:00:00 AM,10:00:00 PM,1
Fall Final,Humanities SINC Site,Saturday , 09:00:00 AM,10:00:00 PM,1
Fall Final,Humanities SINC Site,Sunday , 09:00:00 AM,10:00:00 PM,1
Fall Final,Life Sciences SINC Site,Monday , 09:00:00 AM,10:00:00 PM,1
Fall Final,Life Sciences SINC Site,Tuesday , 09:00:00 AM,10:00:00 PM,1
Fall Final,Life Sciences SINC Site,Wednesday , 09:00:00 AM,10:00:00 PM,1
Fall Final,Life Sciences SINC Site,Thursday , 09:00:00 AM,10:00:00 PM,1
Fall Final,Life Sciences SINC Site,Friday , 09:00:00 AM,10:00:00 PM,1
Fall Final,Life Sciences SINC Site,Saturday , 09:00:00 AM,10:00:00 PM,1
Fall Final,Life Sciences SINC Site,Sunday , 09:00:00 AM,10:00:00 PM,1
Fall Final,Math SINC Site,Monday , 09:00:00 AM,10:00:00 PM,1
Fall Final,Math SINC Site,Tuesday , 09:00:00 AM,10:00:00 PM,1
Fall Final,Math SINC Site,Wednesday , 09:00:00 AM,10:00:00 PM,1
Fall Final,Math SINC Site,Thursday , 09:00:00 AM,10:00:00 PM,1
Fall Final,Math SINC Site,Friday , 09:00:00 AM,10:00:00 PM,1
Fall Final,Math SINC Site,Saturday , 09:00:00 AM,10:00:00 PM,1
Fall Final,Math SINC Site,Sunday , 09:00:00 AM,10:00:00 PM,1
Fall Final,Melville Library SINC Site,Monday , 09:00:00 AM,10:00:00 PM,1
Fall Final,Melville Library SINC Site,Tuesday , 09:00:00 AM,10:00:00 PM,1
Fall Final,Melville Library SINC Site,Wednesday , 09:00:00 AM,10:00:00 PM,1
Fall Final,Melville Library SINC Site,Thursday , 09:00:00 AM,10:00:00 PM,1
Fall Final,Melville Library SINC Site,Friday , 09:00:00 AM,10:00:00 PM,1
Fall Final,Melville Library SINC Site,Saturday , 09:00:00 AM,10:00:00 PM,1
Fall Final,Melville Library SINC Site,Sunday , 09:00:00 AM,10:00:00 PM,1
Fall Final,North Reading Room,Monday , 09:00:00 AM,10:00:00 PM,1
Fall Final,North Reading Room,Tuesday , 09:00:00 AM,10:00:00 PM,1
Fall Final,North Reading Room,Wednesday , 09:00:00 AM,10:00:00 PM,1
Fall Final,North Reading Room,Thursday , 09:00:00 AM,10:00:00 PM,1
Fall Final,North Reading Room,Friday , 09:00:00 AM,10:00:00 PM,1
Fall Final,North Reading Room,Saturday , 09:00:00 AM,10:00:00 PM,1
Fall Final,North Reading Room,Sunday , 09:00:00 AM,10:00:00 PM,1
Fall Final,Physics SINC Site,Monday , 09:00:00 AM,10:00:00 PM,1
Fall Final,Physics SINC Site,Tuesday , 09:00:00 AM,10:00:00 PM,1
Fall Final,Physics SINC Site,Wednesday , 09:00:00 AM,10:00:00 PM,1
Fall Final,Physics SINC Site,Thursday , 09:00:00 AM,10:00:00 PM,1
Fall Final,Physics SINC Site,Friday , 09:00:00 AM,10:00:00 PM,1
Fall Final,Physics SINC Site,Saturday , 09:00:00 AM,10:00:00 PM,1
Fall Final,Physics SINC Site,Sunday , 09:00:00 AM,10:00:00 PM,1
Fall Final,Social and Behavioral Sciences SINC Site,Monday , 09:00:00 AM,10:00:00 PM,1
Fall Final,Social and Behavioral Sciences SINC Site,Tuesday , 09:00:00 AM,10:00:00 PM,1
Fall Final,Social and Behavioral Sciences SINC Site,Wednesday , 09:00:00 AM,10:00:00 PM,1
Fall Final,Social and Behavioral Sciences SINC Site,Thursday , 09:00:00 AM,10:00:00 PM,1
Fall Final,Social and Behavioral Sciences SINC Site,Friday , 09:00:00 AM,10:00:00 PM,1
Fall Final,Social and Behavioral Sciences SINC Site,Saturday , 09:00:00 AM,10:00:00 PM,1
Fall Final,Social and Behavioral Sciences SINC Site,Sunday , 09:00:00 AM,10:00:00 PM,1
Fall Final,Sports Complex SINC Site,Monday , 09:00:00 AM,10:00:00 PM,1
Fall Final,Sports Complex SINC Site,Tuesday , 09:00:00 AM,10:00:00 PM,1
Fall Final,Sports Complex SINC Site,Wednesday , 09:00:00 AM,10:00:00 PM,1
Fall Final,Sports Complex SINC Site,Thursday , 09:00:00 AM,10:00:00 PM,1
Fall Final,Sports Complex SINC Site,Friday , 09:00:00 AM,10:00:00 PM,1
Fall Final,Sports Complex SINC Site,Saturday , 09:00:00 AM,10:00:00 PM,1
Fall Final,Sports Complex SINC Site,Sunday , 09:00:00 AM,10:00:00 PM,1
Fall Final,Tabler Digital Arts Media Lab,Monday , 09:00:00 AM,10:00:00 PM,1
Fall Final,Tabler Digital Arts Media Lab,Tuesday , 09:00:00 AM,10:00:00 PM,1
Fall Final,Tabler Digital Arts Media Lab,Wednesday , 09:00:00 AM,10:00:00 PM,1
Fall Final,Tabler Digital Arts Media Lab,Thursday , 09:00:00 AM,10:00:00 PM,1
Fall Final,Tabler Digital Arts Media Lab,Friday , 09:00:00 AM,10:00:00 PM,1
Fall Final,Tabler Digital Arts Media Lab,Saturday , 09:00:00 AM,10:00:00 PM,1
Fall Final,Tabler Digital Arts Media Lab,Sunday , 09:00:00 AM,10:00:00 PM,1
Winter,Central Reading Room,Monday , 09:00:00 AM,10:00:00 PM,1
Winter,Central Reading Room,Tuesday , 09:00:00 AM,10:00:00 PM,1
Winter,Central Reading Room,Wednesday , 09:00:00 AM,10:00:00 PM,1
Winter,Central Reading Room,Thursday , 09:00:00 AM,10:00:00 PM,1
Winter,Central Reading Room,Friday , 09:00:00 AM,10:00:00 PM,1
Winter,Central Reading Room,Saturday , 09:00:00 AM,10:00:00 PM,1
Winter,Central Reading Room,Sunday , 09:00:00 AM,10:00:00 PM,1
Winter,Chemistry 432 Sinc Site,Monday , 09:00:00 AM,10:00:00 PM,1
Winter,Chemistry 432 Sinc Site,Tuesday , 09:00:00 AM,10:00:00 PM,1
Winter,Chemistry 432 Sinc Site,Wednesday , 09:00:00 AM,10:00:00 PM,1
Winter,Chemistry 432 Sinc Site,Thursday , 09:00:00 AM,10:00:00 PM,1
Winter,Chemistry 432 Sinc Site,Friday , 09:00:00 AM,10:00:00 PM,1
Winter,Chemistry 432 Sinc Site,Saturday , 09:00:00 AM,10:00:00 PM,1
Winter,Chemistry 432 Sinc Site,Sunday , 09:00:00 AM,10:00:00 PM,1
Winter,Chemistry 434 SINC Site,Monday , 09:00:00 AM,10:00:00 PM,1
Winter,Chemistry 434 SINC Site,Tuesday , 09:00:00 AM,10:00:00 PM,1
Winter,Chemistry 434 SINC Site,Wednesday , 09:00:00 AM,10:00:00 PM,1
Winter,Chemistry 434 SINC Site,Thursday , 09:00:00 AM,10:00:00 PM,1
Winter,Chemistry 434 SINC Site,Friday , 09:00:00 AM,10:00:00 PM,1
Winter,Chemistry 434 SINC Site,Saturday , 09:00:00 AM,10:00:00 PM,1
Winter,Chemistry 434 SINC Site,Sunday , 09:00:00 AM,10:00:00 PM,1
Winter,Computer Science SINC Site,Monday , 09:00:00 AM,10:00:00 PM,1
Winter,Computer Science SINC Site,Tuesday , 09:00:00 AM,10:00:00 PM,1
Winter,Computer Science SINC Site,Wednesday , 09:00:00 AM,10:00:00 PM,1
Winter,Computer Science SINC Site,Thursday , 09:00:00 AM,10:00:00 PM,1
Winter,Computer Science SINC Site,Friday , 09:00:00 AM,10:00:00 PM,1
Winter,Computer Science SINC Site,Saturday , 09:00:00 AM,10:00:00 PM,1
Winter,Computer Science SINC Site,Sunday , 09:00:00 AM,10:00:00 PM,1
Winter,ESS SINC Site,Monday , 09:00:00 AM,10:00:00 PM,1
Winter,ESS SINC Site,Tuesday , 09:00:00 AM,10:00:00 PM,1
Winter,ESS SINC Site,Wednesday , 09:00:00 AM,10:00:00 PM,1
Winter,ESS SINC Site,Thursday , 09:00:00 AM,10:00:00 PM,1
Winter,ESS SINC Site,Friday , 09:00:00 AM,10:00:00 PM,1
Winter,ESS SINC Site,Saturday , 09:00:00 AM,10:00:00 PM,1
Winter,ESS SINC Site,Sunday , 09:00:00 AM,10:00:00 PM,1
Winter,Engineering SINC Site,Monday , 09:00:00 AM,10:00:00 PM,1
Winter,Engineering SINC Site,Tuesday , 09:00:00 AM,10:00:00 PM,1
Winter,Engineering SINC Site,Wednesday , 09:00:00 AM,10:00:00 PM,1
Winter,Engineering SINC Site,Thursday , 09:00:00 AM,10:00:00 PM,1
Winter,Engineering SINC Site,Friday , 09:00:00 AM,10:00:00 PM,1
Winter,Engineering SINC Site,Saturday , 09:00:00 AM,10:00:00 PM,1
Winter,Engineering SINC Site,Sunday , 09:00:00 AM,10:00:00 PM,1
Winter,Fine Arts Hybrid SINC Site,Monday , 09:00:00 AM,10:00:00 PM,1
Winter,Fine Arts Hybrid SINC Site,Tuesday , 09:00:00 AM,10:00:00 PM,1
Winter,Fine Arts Hybrid SINC Site,Wednesday , 09:00:00 AM,10:00:00 PM,1
Winter,Fine Arts Hybrid SINC Site,Thursday , 09:00:00 AM,10:00:00 PM,1
Winter,Fine Arts Hybrid SINC Site,Friday , 09:00:00 AM,10:00:00 PM,1
Winter,Fine Arts Hybrid SINC Site,Saturday , 09:00:00 AM,10:00:00 PM,1
Winter,Fine Arts Hybrid SINC Site,Sunday , 09:00:00 AM,10:00:00 PM,1
Winter,Fine Arts eMedia SINC Site,Monday , 09:00:00 AM,10:00:00 PM,1
Winter,Fine Arts eMedia SINC Site,Tuesday , 09:00:00 AM,10:00:00 PM,1
Winter,Fine Arts eMedia SINC Site,Wednesday , 09:00:00 AM,10:00:00 PM,1
Winter,Fine Arts eMedia SINC Site,Thursday , 09:00:00 AM,10:00:00 PM,1
Winter,Fine Arts eMedia SINC Site,Friday , 09:00:00 AM,10:00:00 PM,1
Winter,Fine Arts eMedia SINC Site,Saturday , 09:00:00 AM,10:00:00 PM,1
Winter,Fine Arts eMedia SINC Site,Sunday , 09:00:00 AM,10:00:00 PM,1
Winter,Harriman Hall SINC Site,Monday , 09:00:00 AM,10:00:00 PM,1
Winter,Harriman Hall SINC Site,Tuesday , 09:00:00 AM,10:00:00 PM,1
Winter,Harriman Hall SINC Site,Wednesday , 09:00:00 AM,10:00:00 PM,1
Winter,Harriman Hall SINC Site,Thursday , 09:00:00 AM,10:00:00 PM,1
Winter,Harriman Hall SINC Site,Friday , 09:00:00 AM,10:00:00 PM,1
Winter,Harriman Hall SINC Site,Saturday , 09:00:00 AM,10:00:00 PM,1
Winter,Harriman Hall SINC Site,Sunday , 09:00:00 AM,10:00:00 PM,1
Winter,Humanities SINC Site,Monday , 09:00:00 AM,10:00:00 PM,1
Winter,Humanities SINC Site,Tuesday , 09:00:00 AM,10:00:00 PM,1
Winter,Humanities SINC Site,Wednesday , 09:00:00 AM,10:00:00 PM,1
Winter,Humanities SINC Site,Thursday , 09:00:00 AM,10:00:00 PM,1
Winter,Humanities SINC Site,Friday , 09:00:00 AM,10:00:00 PM,1
Winter,Humanities SINC Site,Saturday , 09:00:00 AM,10:00:00 PM,1
Winter,Humanities SINC Site,Sunday , 09:00:00 AM,10:00:00 PM,1
Winter,Life Sciences SINC Site,Monday , 09:00:00 AM,10:00:00 PM,1
Winter,Life Sciences SINC Site,Tuesday , 09:00:00 AM,10:00:00 PM,1
Winter,Life Sciences SINC Site,Wednesday , 09:00:00 AM,10:00:00 PM,1
Winter,Life Sciences SINC Site,Thursday , 09:00:00 AM,10:00:00 PM,1
Winter,Life Sciences SINC Site,Friday , 09:00:00 AM,10:00:00 PM,1
Winter,Life Sciences SINC Site,Saturday , 09:00:00 AM,10:00:00 PM,1
Winter,Life Sciences SINC Site,Sunday , 09:00:00 AM,10:00:00 PM,1
Winter,Math SINC Site,Monday , 09:00:00 AM,10:00:00 PM,1
Winter,Math SINC Site,Tuesday , 09:00:00 AM,10:00:00 PM,1
Winter,Math SINC Site,Wednesday , 09:00:00 AM,10:00:00 PM,1
Winter,Math SINC Site,Thursday , 09:00:00 AM,10:00:00 PM,1
Winter,Math SINC Site,Friday , 09:00:00 AM,10:00:00 PM,1
Winter,Math SINC Site,Saturday , 09:00:00 AM,10:00:00 PM,1
Winter,Math SINC Site,Sunday , 09:00:00 AM,10:00:00 PM,1
Winter,Melville Library SINC Site,Monday , 09:00:00 AM,10:00:00 PM,1
Winter,Melville Library SINC Site,Tuesday , 09:00:00 AM,10:00:00 PM,1
Winter,Melville Library SINC Site,Wednesday , 09:00:00 AM,10:00:00 PM,1
Winter,Melville Library SINC Site,Thursday , 09:00:00 AM,10:00:00 PM,1
Winter,Melville Library SINC Site,Friday , 09:00:00 AM,10:00:00 PM,1
Winter,Melville Library SINC Site,Saturday , 09:00:00 AM,10:00:00 PM,1
Winter,Melville Library SINC Site,Sunday , 09:00:00 AM,10:00:00 PM,1
Winter,North Reading Room,Monday , 09:00:00 AM,10:00:00 PM,1
Winter,North Reading Room,Tuesday , 09:00:00 AM,10:00:00 PM,1
Winter,North Reading Room,Wednesday , 09:00:00 AM,10:00:00 PM,1
Winter,North Reading Room,Thursday , 09:00:00 AM,10:00:00 PM,1
Winter,North Reading Room,Friday , 09:00:00 AM,10:00:00 PM,1
Winter,North Reading Room,Saturday , 09:00:00 AM,10:00:00 PM,1
Winter,North Reading Room,Sunday , 09:00:00 AM,10:00:00 PM,1
Winter,Physics SINC Site,Monday , 09:00:00 AM,10:00:00 PM,1
Winter,Physics SINC Site,Tuesday , 09:00:00 AM,10:00:00 PM,1
Winter,Physics SINC Site,Wednesday , 09:00:00 AM,10:00:00 PM,1
Winter,Physics SINC Site,Thursday , 09:00:00 AM,10:00:00 PM,1
Winter,Physics SINC Site,Friday , 09:00:00 AM,10:00:00 PM,1
Winter,Physics SINC Site,Saturday , 09:00:00 AM,10:00:00 PM,1
Winter,Physics SINC Site,Sunday , 09:00:00 AM,10:00:00 PM,1
Winter,Social and Behavioral Sciences SINC Site,Monday , 09:00:00 AM,10:00:00 PM,1
Winter,Social and Behavioral Sciences SINC Site,Tuesday , 09:00:00 AM,10:00:00 PM,1
Winter,Social and Behavioral Sciences SINC Site,Wednesday , 09:00:00 AM,10:00:00 PM,1
Winter,Social and Behavioral Sciences SINC Site,Thursday , 09:00:00 AM,10:00:00 PM,1
Winter,Social and Behavioral Sciences SINC Site,Friday , 09:00:00 AM,10:00:00 PM,1
Winter,Social and Behavioral Sciences SINC Site,Saturday , 09:00:00 AM,10:00:00 PM,1
Winter,Social and Behavioral Sciences SINC Site,Sunday , 09:00:00 AM,10:00:00 PM,1
Winter,Sports Complex SINC Site,Monday , 09:00:00 AM,10:00:00 PM,1
Winter,Sports Complex SINC Site,Tuesday , 09:00:00 AM,10:00:00 PM,1
Winter,Sports Complex SINC Site,Wednesday , 09:00:00 AM,10:00:00 PM,1
Winter,Sports Complex SINC Site,Thursday , 09:00:00 AM,10:00:00 PM,1
Winter,Sports Complex SINC Site,Friday , 09:00:00 AM,10:00:00 PM,1
Winter,Sports Complex SINC Site,Saturday , 09:00:00 AM,10:00:00 PM,1
Winter,Sports Complex SINC Site,Sunday , 09:00:00 AM,10:00:00 PM,1
Winter,Tabler Digital Arts Media Lab,Monday , 09:00:00 AM,10:00:00 PM,1
Winter,Tabler Digital Arts Media Lab,Tuesday , 09:00:00 AM,10:00:00 PM,1
Winter,Tabler Digital Arts Media Lab,Wednesday , 09:00:00 AM,10:00:00 PM,1
Winter,Tabler Digital Arts Media Lab,Thursday , 09:00:00 AM,10:00:00 PM,1
Winter,Tabler Digital Arts Media Lab,Friday , 09:00:00 AM,10:00:00 PM,1
Winter,Tabler Digital Arts Media Lab,Saturday , 09:00:00 AM,10:00:00 PM,1
Winter,Tabler Digital Arts Media Lab,Sunday , 09:00:00 AM,10:00:00 PM,1
Spring Temp,Central Reading Room,Monday , 09:00:00 AM,10:00:00 PM,1
Spring Temp,Central Reading Room,Tuesday , 09:00:00 AM,10:00:00 PM,1
Spring Temp,Central Reading Room,Wednesday , 09:00:00 AM,10:00:00 PM,1
Spring Temp,Central Reading Room,Thursday , 09:00:00 AM,10:00:00 PM,1
Spring Temp,Central Reading Room,Friday , 09:00:00 AM,10:00:00 PM,1
Spring Temp,Central Reading Room,Saturday , 09:00:00 AM,10:00:00 PM,1
Spring Temp,Central Reading Room,Sunday , 09:00:00 AM,10:00:00 PM,1
Spring Temp,Chemistry 432 Sinc Site,Monday , 09:00:00 AM,10:00:00 PM,1
Spring Temp,Chemistry 432 Sinc Site,Tuesday , 09:00:00 AM,10:00:00 PM,1
Spring Temp,Chemistry 432 Sinc Site,Wednesday , 09:00:00 AM,10:00:00 PM,1
Spring Temp,Chemistry 432 Sinc Site,Thursday , 09:00:00 AM,10:00:00 PM,1
Spring Temp,Chemistry 432 Sinc Site,Friday , 09:00:00 AM,10:00:00 PM,1
Spring Temp,Chemistry 432 Sinc Site,Saturday , 09:00:00 AM,10:00:00 PM,1
Spring Temp,Chemistry 432 Sinc Site,Sunday , 09:00:00 AM,10:00:00 PM,1
Spring Temp,Chemistry 434 SINC Site,Monday , 09:00:00 AM,10:00:00 PM,1
Spring Temp,Chemistry 434 SINC Site,Tuesday , 09:00:00 AM,10:00:00 PM,1
Spring Temp,Chemistry 434 SINC Site,Wednesday , 09:00:00 AM,10:00:00 PM,1
Spring Temp,Chemistry 434 SINC Site,Thursday , 09:00:00 AM,10:00:00 PM,1
Spring Temp,Chemistry 434 SINC Site,Friday , 09:00:00 AM,10:00:00 PM,1
Spring Temp,Chemistry 434 SINC Site,Saturday , 09:00:00 AM,10:00:00 PM,1
Spring Temp,Chemistry 434 SINC Site,Sunday , 09:00:00 AM,10:00:00 PM,1
Spring Temp,Computer Science SINC Site,Monday , 09:00:00 AM,10:00:00 PM,1
Spring Temp,Computer Science SINC Site,Tuesday , 09:00:00 AM,10:00:00 PM,1
Spring Temp,Computer Science SINC Site,Wednesday , 09:00:00 AM,10:00:00 PM,1
Spring Temp,Computer Science SINC Site,Thursday , 09:00:00 AM,10:00:00 PM,1
Spring Temp,Computer Science SINC Site,Friday , 09:00:00 AM,10:00:00 PM,1
Spring Temp,Computer Science SINC Site,Saturday , 09:00:00 AM,10:00:00 PM,1
Spring Temp,Computer Science SINC Site,Sunday , 09:00:00 AM,10:00:00 PM,1
Spring Temp,ESS SINC Site,Monday , 09:00:00 AM,10:00:00 PM,1
Spring Temp,ESS SINC Site,Tuesday , 09:00:00 AM,10:00:00 PM,1
Spring Temp,ESS SINC Site,Wednesday , 09:00:00 AM,10:00:00 PM,1
Spring Temp,ESS SINC Site,Thursday , 09:00:00 AM,10:00:00 PM,1
Spring Temp,ESS SINC Site,Friday , 09:00:00 AM,10:00:00 PM,1
Spring Temp,ESS SINC Site,Saturday , 09:00:00 AM,10:00:00 PM,1
Spring Temp,ESS SINC Site,Sunday , 09:00:00 AM,10:00:00 PM,1
Spring Temp,Engineering SINC Site,Monday , 09:00:00 AM,10:00:00 PM,1
Spring Temp,Engineering SINC Site,Tuesday , 09:00:00 AM,10:00:00 PM,1
Spring Temp,Engineering SINC Site,Wednesday , 09:00:00 AM,10:00:00 PM,1
Spring Temp,Engineering SINC Site,Thursday , 09:00:00 AM,10:00:00 PM,1
Spring Temp,Engineering SINC Site,Friday , 09:00:00 AM,10:00:00 PM,1
Spring Temp,Engineering SINC Site,Saturday , 09:00:00 AM,10:00:00 PM,1
Spring Temp,Engineering SINC Site,Sunday , 09:00:00 AM,10:00:00 PM,1
Spring Temp,Fine Arts Hybrid SINC Site,Monday , 09:00:00 AM,10:00:00 PM,1
Spring Temp,Fine Arts Hybrid SINC Site,Tuesday , 09:00:00 AM,10:00:00 PM,1
Spring Temp,Fine Arts Hybrid SINC Site,Wednesday , 09:00:00 AM,10:00:00 PM,1
Spring Temp,Fine Arts Hybrid SINC Site,Thursday , 09:00:00 AM,10:00:00 PM,1
Spring Temp,Fine Arts Hybrid SINC Site,Friday , 09:00:00 AM,10:00:00 PM,1
Spring Temp,Fine Arts Hybrid SINC Site,Saturday , 09:00:00 AM,10:00:00 PM,1
Spring Temp,Fine Arts Hybrid SINC Site,Sunday , 09:00:00 AM,10:00:00 PM,1
Spring Temp,Fine Arts eMedia SINC Site,Monday , 09:00:00 AM,10:00:00 PM,1
Spring Temp,Fine Arts eMedia SINC Site,Tuesday , 09:00:00 AM,10:00:00 PM,1
Spring Temp,Fine Arts eMedia SINC Site,Wednesday , 09:00:00 AM,10:00:00 PM,1
Spring Temp,Fine Arts eMedia SINC Site,Thursday , 09:00:00 AM,10:00:00 PM,1
Spring Temp,Fine Arts eMedia SINC Site,Friday , 09:00:00 AM,10:00:00 PM,1
Spring Temp,Fine Arts eMedia SINC Site,Saturday , 09:00:00 AM,10:00:00 PM,1
Spring Temp,Fine Arts eMedia SINC Site,Sunday , 09:00:00 AM,10:00:00 PM,1
Spring Temp,Harriman Hall SINC Site,Monday , 09:00:00 AM,10:00:00 PM,1
Spring Temp,Harriman Hall SINC Site,Tuesday , 09:00:00 AM,10:00:00 PM,1
Spring Temp,Harriman Hall SINC Site,Wednesday , 09:00:00 AM,10:00:00 PM,1
Spring Temp,Harriman Hall SINC Site,Thursday , 09:00:00 AM,10:00:00 PM,1
Spring Temp,Harriman Hall SINC Site,Friday , 09:00:00 AM,10:00:00 PM,1
Spring Temp,Harriman Hall SINC Site,Saturday , 09:00:00 AM,10:00:00 PM,1
Spring Temp,Harriman Hall SINC Site,Sunday , 09:00:00 AM,10:00:00 PM,1
Spring Temp,Humanities SINC Site,Monday , 09:00:00 AM,10:00:00 PM,1
Spring Temp,Humanities SINC Site,Tuesday , 09:00:00 AM,10:00:00 PM,1
Spring Temp,Humanities SINC Site,Wednesday , 09:00:00 AM,10:00:00 PM,1
Spring Temp,Humanities SINC Site,Thursday , 09:00:00 AM,10:00:00 PM,1
Spring Temp,Humanities SINC Site,Friday , 09:00:00 AM,10:00:00 PM,1
Spring Temp,Humanities SINC Site,Saturday , 09:00:00 AM,10:00:00 PM,1
Spring Temp,Humanities SINC Site,Sunday , 09:00:00 AM,10:00:00 PM,1
Spring Temp,Life Sciences SINC Site,Monday , 09:00:00 AM,10:00:00 PM,1
Spring Temp,Life Sciences SINC Site,Tuesday , 09:00:00 AM,10:00:00 PM,1
Spring Temp,Life Sciences SINC Site,Wednesday , 09:00:00 AM,10:00:00 PM,1
Spring Temp,Life Sciences SINC Site,Thursday , 09:00:00 AM,10:00:00 PM,1
Spring Temp,Life Sciences SINC Site,Friday , 09:00:00 AM,10:00:00 PM,1
Spring Temp,Life Sciences SINC Site,Saturday , 09:00:00 AM,10:00:00 PM,1
Spring Temp,Life Sciences SINC Site,Sunday , 09:00:00 AM,10:00:00 PM,1
Spring Temp,Math SINC Site,Monday , 09:00:00 AM,10:00:00 PM,1
Spring Temp,Math SINC Site,Tuesday , 09:00:00 AM,10:00:00 PM,1
Spring Temp,Math SINC Site,Wednesday , 09:00:00 AM,10:00:00 PM,1
Spring Temp,Math SINC Site,Thursday , 09:00:00 AM,10:00:00 PM,1
Spring Temp,Math SINC Site,Friday , 09:00:00 AM,10:00:00 PM,1
Spring Temp,Math SINC Site,Saturday , 09:00:00 AM,10:00:00 PM,1
Spring Temp,Math SINC Site,Sunday , 09:00:00 AM,10:00:00 PM,1
Spring Temp,Melville Library SINC Site,Monday , 09:00:00 AM,10:00:00 PM,1
Spring Temp,Melville Library SINC Site,Tuesday , 09:00:00 AM,10:00:00 PM,1
Spring Temp,Melville Library SINC Site,Wednesday , 09:00:00 AM,10:00:00 PM,1
Spring Temp,Melville Library SINC Site,Thursday , 09:00:00 AM,10:00:00 PM,1
Spring Temp,Melville Library SINC Site,Friday , 09:00:00 AM,10:00:00 PM,1
Spring Temp,Melville Library SINC Site,Saturday , 09:00:00 AM,10:00:00 PM,1
Spring Temp,Melville Library SINC Site,Sunday , 09:00:00 AM,10:00:00 PM,1
Spring Temp,North Reading Room,Monday , 09:00:00 AM,10:00:00 PM,1
Spring Temp,North Reading Room,Tuesday , 09:00:00 AM,10:00:00 PM,1
Spring Temp,North Reading Room,Wednesday , 09:00:00 AM,10:00:00 PM,1
Spring Temp,North Reading Room,Thursday , 09:00:00 AM,10:00:00 PM,1
Spring Temp,North Reading Room,Friday , 09:00:00 AM,10:00:00 PM,1
Spring Temp,North Reading Room,Saturday , 09:00:00 AM,10:00:00 PM,1
Spring Temp,North Reading Room,Sunday , 09:00:00 AM,10:00:00 PM,1
Spring Temp,Physics SINC Site,Monday , 09:00:00 AM,10:00:00 PM,1
Spring Temp,Physics SINC Site,Tuesday , 09:00:00 AM,10:00:00 PM,1
Spring Temp,Physics SINC Site,Wednesday , 09:00:00 AM,10:00:00 PM,1
Spring Temp,Physics SINC Site,Thursday , 09:00:00 AM,10:00:00 PM,1
Spring Temp,Physics SINC Site,Friday , 09:00:00 AM,10:00:00 PM,1
Spring Temp,Physics SINC Site,Saturday , 09:00:00 AM,10:00:00 PM,1
Spring Temp,Physics SINC Site,Sunday , 09:00:00 AM,10:00:00 PM,1
Spring Temp,Social and Behavioral Sciences SINC Site,Monday , 09:00:00 AM,10:00:00 PM,1
Spring Temp,Social and Behavioral Sciences SINC Site,Tuesday , 09:00:00 AM,10:00:00 PM,1
Spring Temp,Social and Behavioral Sciences SINC Site,Wednesday , 09:00:00 AM,10:00:00 PM,1
Spring Temp,Social and Behavioral Sciences SINC Site,Thursday , 09:00:00 AM,10:00:00 PM,1
Spring Temp,Social and Behavioral Sciences SINC Site,Friday , 09:00:00 AM,10:00:00 PM,1
Spring Temp,Social and Behavioral Sciences SINC Site,Saturday , 09:00:00 AM,10:00:00 PM,1
Spring Temp,Social and Behavioral Sciences SINC Site,Sunday , 09:00:00 AM,10:00:00 PM,1
Spring Temp,Sports Complex SINC Site,Monday , 09:00:00 AM,10:00:00 PM,1
Spring Temp,Sports Complex SINC Site,Tuesday , 09:00:00 AM,10:00:00 PM,1
Spring Temp,Sports Complex SINC Site,Wednesday , 09:00:00 AM,10:00:00 PM,1
Spring Temp,Sports Complex SINC Site,Thursday , 09:00:00 AM,10:00:00 PM,1
Spring Temp,Sports Complex SINC Site,Friday , 09:00:00 AM,10:00:00 PM,1
Spring Temp,Sports Complex SINC Site,Saturday , 09:00:00 AM,10:00:00 PM,1
Spring Temp,Sports Complex SINC Site,Sunday , 09:00:00 AM,10:00:00 PM,1
Spring Temp,Tabler Digital Arts Media Lab,Monday , 09:00:00 AM,10:00:00 PM,1
Spring Temp,Tabler Digital Arts Media Lab,Tuesday , 09:00:00 AM,10:00:00 PM,1
Spring Temp,Tabler Digital Arts Media Lab,Wednesday , 09:00:00 AM,10:00:00 PM,1
Spring Temp,Tabler Digital Arts Media Lab,Thursday , 09:00:00 AM,10:00:00 PM,1
Spring Temp,Tabler Digital Arts Media Lab,Friday , 09:00:00 AM,10:00:00 PM,1
Spring Temp,Tabler Digital Arts Media Lab,Saturday , 09:00:00 AM,10:00:00 PM,1
Spring Temp,Tabler Digital Arts Media Lab,Sunday , 09:00:00 AM,10:00:00 PM,1
Spring Perm,Central Reading Room,Monday , 09:00:00 AM,10:00:00 PM,1
Spring Perm,Central Reading Room,Tuesday , 09:00:00 AM,10:00:00 PM,1
Spring Perm,Central Reading Room,Wednesday , 09:00:00 AM,10:00:00 PM,1
Spring Perm,Central Reading Room,Thursday , 09:00:00 AM,10:00:00 PM,1
Spring Perm,Central Reading Room,Friday , 09:00:00 AM,10:00:00 PM,1
Spring Perm,Central Reading Room,Saturday , 09:00:00 AM,10:00:00 PM,1
Spring Perm,Central Reading Room,Sunday , 09:00:00 AM,10:00:00 PM,1
Spring Perm,Chemistry 432 Sinc Site,Monday , 09:00:00 AM,10:00:00 PM,1
Spring Perm,Chemistry 432 Sinc Site,Tuesday , 09:00:00 AM,10:00:00 PM,1
Spring Perm,Chemistry 432 Sinc Site,Wednesday , 09:00:00 AM,10:00:00 PM,1
Spring Perm,Chemistry 432 Sinc Site,Thursday , 09:00:00 AM,10:00:00 PM,1
Spring Perm,Chemistry 432 Sinc Site,Friday , 09:00:00 AM,10:00:00 PM,1
Spring Perm,Chemistry 432 Sinc Site,Saturday , 09:00:00 AM,10:00:00 PM,1
Spring Perm,Chemistry 432 Sinc Site,Sunday , 09:00:00 AM,10:00:00 PM,1
Spring Perm,Chemistry 434 SINC Site,Monday , 09:00:00 AM,10:00:00 PM,1
Spring Perm,Chemistry 434 SINC Site,Tuesday , 09:00:00 AM,10:00:00 PM,1
Spring Perm,Chemistry 434 SINC Site,Wednesday , 09:00:00 AM,10:00:00 PM,1
Spring Perm,Chemistry 434 SINC Site,Thursday , 09:00:00 AM,10:00:00 PM,1
Spring Perm,Chemistry 434 SINC Site,Friday , 09:00:00 AM,10:00:00 PM,1
Spring Perm,Chemistry 434 SINC Site,Saturday , 09:00:00 AM,10:00:00 PM,1
Spring Perm,Chemistry 434 SINC Site,Sunday , 09:00:00 AM,10:00:00 PM,1
Spring Perm,Computer Science SINC Site,Monday , 09:00:00 AM,10:00:00 PM,1
Spring Perm,Computer Science SINC Site,Tuesday , 09:00:00 AM,10:00:00 PM,1
Spring Perm,Computer Science SINC Site,Wednesday , 09:00:00 AM,10:00:00 PM,1
Spring Perm,Computer Science SINC Site,Thursday , 09:00:00 AM,10:00:00 PM,1
Spring Perm,Computer Science SINC Site,Friday , 09:00:00 AM,10:00:00 PM,1
Spring Perm,Computer Science SINC Site,Saturday , 09:00:00 AM,10:00:00 PM,1
Spring Perm,Computer Science SINC Site,Sunday , 09:00:00 AM,10:00:00 PM,1
Spring Perm,ESS SINC Site,Monday , 09:00:00 AM,10:00:00 PM,1
Spring Perm,ESS SINC Site,Tuesday , 09:00:00 AM,10:00:00 PM,1
Spring Perm,ESS SINC Site,Wednesday , 09:00:00 AM,10:00:00 PM,1
Spring Perm,ESS SINC Site,Thursday , 09:00:00 AM,10:00:00 PM,1
Spring Perm,ESS SINC Site,Friday , 09:00:00 AM,10:00:00 PM,1
Spring Perm,ESS SINC Site,Saturday , 09:00:00 AM,10:00:00 PM,1
Spring Perm,ESS SINC Site,Sunday , 09:00:00 AM,10:00:00 PM,1
Spring Perm,Engineering SINC Site,Monday , 09:00:00 AM,10:00:00 PM,1
Spring Perm,Engineering SINC Site,Tuesday , 09:00:00 AM,10:00:00 PM,1
Spring Perm,Engineering SINC Site,Wednesday , 09:00:00 AM,10:00:00 PM,1
Spring Perm,Engineering SINC Site,Thursday , 09:00:00 AM,10:00:00 PM,1
Spring Perm,Engineering SINC Site,Friday , 09:00:00 AM,10:00:00 PM,1
Spring Perm,Engineering SINC Site,Saturday , 09:00:00 AM,10:00:00 PM,1
Spring Perm,Engineering SINC Site,Sunday , 09:00:00 AM,10:00:00 PM,1
Spring Perm,Fine Arts Hybrid SINC Site,Monday , 09:00:00 AM,10:00:00 PM,1
Spring Perm,Fine Arts Hybrid SINC Site,Tuesday , 09:00:00 AM,10:00:00 PM,1
Spring Perm,Fine Arts Hybrid SINC Site,Wednesday , 09:00:00 AM,10:00:00 PM,1
Spring Perm,Fine Arts Hybrid SINC Site,Thursday , 09:00:00 AM,10:00:00 PM,1
Spring Perm,Fine Arts Hybrid SINC Site,Friday , 09:00:00 AM,10:00:00 PM,1
Spring Perm,Fine Arts Hybrid SINC Site,Saturday , 09:00:00 AM,10:00:00 PM,1
Spring Perm,Fine Arts Hybrid SINC Site,Sunday , 09:00:00 AM,10:00:00 PM,1
Spring Perm,Fine Arts eMedia SINC Site,Monday , 09:00:00 AM,10:00:00 PM,1
Spring Perm,Fine Arts eMedia SINC Site,Tuesday , 09:00:00 AM,10:00:00 PM,1
Spring Perm,Fine Arts eMedia SINC Site,Wednesday , 09:00:00 AM,10:00:00 PM,1
Spring Perm,Fine Arts eMedia SINC Site,Thursday , 09:00:00 AM,10:00:00 PM,1
Spring Perm,Fine Arts eMedia SINC Site,Friday , 09:00:00 AM,10:00:00 PM,1
Spring Perm,Fine Arts eMedia SINC Site,Saturday , 09:00:00 AM,10:00:00 PM,1
Spring Perm,Fine Arts eMedia SINC Site,Sunday , 09:00:00 AM,10:00:00 PM,1
Spring Perm,Harriman Hall SINC Site,Monday , 09:00:00 AM,10:00:00 PM,1
Spring Perm,Harriman Hall SINC Site,Tuesday , 09:00:00 AM,10:00:00 PM,1
Spring Perm,Harriman Hall SINC Site,Wednesday , 09:00:00 AM,10:00:00 PM,1
Spring Perm,Harriman Hall SINC Site,Thursday , 09:00:00 AM,10:00:00 PM,1
Spring Perm,Harriman Hall SINC Site,Friday , 09:00:00 AM,10:00:00 PM,1
Spring Perm,Harriman Hall SINC Site,Saturday , 09:00:00 AM,10:00:00 PM,1
Spring Perm,Harriman Hall SINC Site,Sunday , 09:00:00 AM,10:00:00 PM,1
Spring Perm,Humanities SINC Site,Monday , 09:00:00 AM,10:00:00 PM,1
Spring Perm,Humanities SINC Site,Tuesday , 09:00:00 AM,10:00:00 PM,1
Spring Perm,Humanities SINC Site,Wednesday , 09:00:00 AM,10:00:00 PM,1
Spring Perm,Humanities SINC Site,Thursday , 09:00:00 AM,10:00:00 PM,1
Spring Perm,Humanities SINC Site,Friday , 09:00:00 AM,10:00:00 PM,1
Spring Perm,Humanities SINC Site,Saturday , 09:00:00 AM,10:00:00 PM,1
Spring Perm,Humanities SINC Site,Sunday , 09:00:00 AM,10:00:00 PM,1
Spring Perm,Life Sciences SINC Site,Monday , 09:00:00 AM,10:00:00 PM,1
Spring Perm,Life Sciences SINC Site,Tuesday , 09:00:00 AM,10:00:00 PM,1
Spring Perm,Life Sciences SINC Site,Wednesday , 09:00:00 AM,10:00:00 PM,1
Spring Perm,Life Sciences SINC Site,Thursday , 09:00:00 AM,10:00:00 PM,1
Spring Perm,Life Sciences SINC Site,Friday , 09:00:00 AM,10:00:00 PM,1
Spring Perm,Life Sciences SINC Site,Saturday , 09:00:00 AM,10:00:00 PM,1
Spring Perm,Life Sciences SINC Site,Sunday , 09:00:00 AM,10:00:00 PM,1
Spring Perm,Math SINC Site,Monday , 09:00:00 AM,10:00:00 PM,1
Spring Perm,Math SINC Site,Tuesday , 09:00:00 AM,10:00:00 PM,1
Spring Perm,Math SINC Site,Wednesday , 09:00:00 AM,10:00:00 PM,1
Spring Perm,Math SINC Site,Thursday , 09:00:00 AM,10:00:00 PM,1
Spring Perm,Math SINC Site,Friday , 09:00:00 AM,10:00:00 PM,1
Spring Perm,Math SINC Site,Saturday , 09:00:00 AM,10:00:00 PM,1
Spring Perm,Math SINC Site,Sunday , 09:00:00 AM,10:00:00 PM,1
Spring Perm,Melville Library SINC Site,Monday , 09:00:00 AM,10:00:00 PM,1
Spring Perm,Melville Library SINC Site,Tuesday , 09:00:00 AM,10:00:00 PM,1
Spring Perm,Melville Library SINC Site,Wednesday , 09:00:00 AM,10:00:00 PM,1
Spring Perm,Melville Library SINC Site,Thursday , 09:00:00 AM,10:00:00 PM,1
Spring Perm,Melville Library SINC Site,Friday , 09:00:00 AM,10:00:00 PM,1
Spring Perm,Melville Library SINC Site,Saturday , 09:00:00 AM,10:00:00 PM,1
Spring Perm,Melville Library SINC Site,Sunday , 09:00:00 AM,10:00:00 PM,1
Spring Perm,North Reading Room,Monday , 09:00:00 AM,10:00:00 PM,1
Spring Perm,North Reading Room,Tuesday , 09:00:00 AM,10:00:00 PM,1
Spring Perm,North Reading Room,Wednesday , 09:00:00 AM,10:00:00 PM,1
Spring Perm,North Reading Room,Thursday , 09:00:00 AM,10:00:00 PM,1
Spring Perm,North Reading Room,Friday , 09:00:00 AM,10:00:00 PM,1
Spring Perm,North Reading Room,Saturday , 09:00:00 AM,10:00:00 PM,1
Spring Perm,North Reading Room,Sunday , 09:00:00 AM,10:00:00 PM,1
Spring Perm,Physics SINC Site,Monday , 09:00:00 AM,10:00:00 PM,1
Spring Perm,Physics SINC Site,Tuesday , 09:00:00 AM,10:00:00 PM,1
Spring Perm,Physics SINC Site,Wednesday , 09:00:00 AM,10:00:00 PM,1
Spring Perm,Physics SINC Site,Thursday , 09:00:00 AM,10:00:00 PM,1
Spring Perm,Physics SINC Site,Friday , 09:00:00 AM,10:00:00 PM,1
Spring Perm,Physics SINC Site,Saturday , 09:00:00 AM,10:00:00 PM,1
Spring Perm,Physics SINC Site,Sunday , 09:00:00 AM,10:00:00 PM,1
Spring Perm,Social and Behavioral Sciences SINC Site,Monday , 09:00:00 AM,10:00:00 PM,1
Spring Perm,Social and Behavioral Sciences SINC Site,Tuesday , 09:00:00 AM,10:00:00 PM,1
Spring Perm,Social and Behavioral Sciences SINC Site,Wednesday , 09:00:00 AM,10:00:00 PM,1
Spring Perm,Social and Behavioral Sciences SINC Site,Thursday , 09:00:00 AM,10:00:00 PM,1
Spring Perm,Social and Behavioral Sciences SINC Site,Friday , 09:00:00 AM,10:00:00 PM,1
Spring Perm,Social and Behavioral Sciences SINC Site,Saturday , 09:00:00 AM,10:00:00 PM,1
Spring Perm,Social and Behavioral Sciences SINC Site,Sunday , 09:00:00 AM,10:00:00 PM,1
Spring Perm,Sports Complex SINC Site,Monday , 09:00:00 AM,10:00:00 PM,1
Spring Perm,Sports Complex SINC Site,Tuesday , 09:00:00 AM,10:00:00 PM,1
Spring Perm,Sports Complex SINC Site,Wednesday , 09:00:00 AM,10:00:00 PM,1
Spring Perm,Sports Complex SINC Site,Thursday , 09:00:00 AM,10:00:00 PM,1
Spring Perm,Sports Complex SINC Site,Friday , 09:00:00 AM,10:00:00 PM,1
Spring Perm,Sports Complex SINC Site,Saturday , 09:00:00 AM,10:00:00 PM,1
Spring Perm,Sports Complex SINC Site,Sunday , 09:00:00 AM,10:00:00 PM,1
Spring Perm,Tabler Digital Arts Media Lab,Monday , 09:00:00 AM,10:00:00 PM,1
Spring Perm,Tabler Digital Arts Media Lab,Tuesday , 09:00:00 AM,10:00:00 PM,1
Spring Perm,Tabler Digital Arts Media Lab,Wednesday , 09:00:00 AM,10:00:00 PM,1
Spring Perm,Tabler Digital Arts Media Lab,Thursday , 09:00:00 AM,10:00:00 PM,1
Spring Perm,Tabler Digital Arts Media Lab,Friday , 09:00:00 AM,10:00:00 PM,1
Spring Perm,Tabler Digital Arts Media Lab,Saturday , 09:00:00 AM,10:00:00 PM,1
Spring Perm,Tabler Digital Arts Media Lab,Sunday , 09:00:00 AM,10:00:00 PM,1
Spring Final,Central Reading Room,Monday , 09:00:00 AM,10:00:00 PM,1
Spring Final,Central Reading Room,Tuesday , 09:00:00 AM,10:00:00 PM,1
Spring Final,Central Reading Room,Wednesday , 09:00:00 AM,10:00:00 PM,1
Spring Final,Central Reading Room,Thursday , 09:00:00 AM,10:00:00 PM,1
Spring Final,Central Reading Room,Friday , 09:00:00 AM,10:00:00 PM,1
Spring Final,Central Reading Room,Saturday , 09:00:00 AM,10:00:00 PM,1
Spring Final,Central Reading Room,Sunday , 09:00:00 AM,10:00:00 PM,1
Spring Final,Chemistry 432 Sinc Site,Monday , 09:00:00 AM,10:00:00 PM,1
Spring Final,Chemistry 432 Sinc Site,Tuesday , 09:00:00 AM,10:00:00 PM,1
Spring Final,Chemistry 432 Sinc Site,Wednesday , 09:00:00 AM,10:00:00 PM,1
Spring Final,Chemistry 432 Sinc Site,Thursday , 09:00:00 AM,10:00:00 PM,1
Spring Final,Chemistry 432 Sinc Site,Friday , 09:00:00 AM,10:00:00 PM,1
Spring Final,Chemistry 432 Sinc Site,Saturday , 09:00:00 AM,10:00:00 PM,1
Spring Final,Chemistry 432 Sinc Site,Sunday , 09:00:00 AM,10:00:00 PM,1
Spring Final,Chemistry 434 SINC Site,Monday , 09:00:00 AM,10:00:00 PM,1
Spring Final,Chemistry 434 SINC Site,Tuesday , 09:00:00 AM,10:00:00 PM,1
Spring Final,Chemistry 434 SINC Site,Wednesday , 09:00:00 AM,10:00:00 PM,1
Spring Final,Chemistry 434 SINC Site,Thursday , 09:00:00 AM,10:00:00 PM,1
Spring Final,Chemistry 434 SINC Site,Friday , 09:00:00 AM,10:00:00 PM,1
Spring Final,Chemistry 434 SINC Site,Saturday , 09:00:00 AM,10:00:00 PM,1
Spring Final,Chemistry 434 SINC Site,Sunday , 09:00:00 AM,10:00:00 PM,1
Spring Final,Computer Science SINC Site,Monday , 09:00:00 AM,10:00:00 PM,1
Spring Final,Computer Science SINC Site,Tuesday , 09:00:00 AM,10:00:00 PM,1
Spring Final,Computer Science SINC Site,Wednesday , 09:00:00 AM,10:00:00 PM,1
Spring Final,Computer Science SINC Site,Thursday , 09:00:00 AM,10:00:00 PM,1
Spring Final,Computer Science SINC Site,Friday , 09:00:00 AM,10:00:00 PM,1
Spring Final,Computer Science SINC Site,Saturday , 09:00:00 AM,10:00:00 PM,1
Spring Final,Computer Science SINC Site,Sunday , 09:00:00 AM,10:00:00 PM,1
Spring Final,ESS SINC Site,Monday , 09:00:00 AM,10:00:00 PM,1
Spring Final,ESS SINC Site,Tuesday , 09:00:00 AM,10:00:00 PM,1
Spring Final,ESS SINC Site,Wednesday , 09:00:00 AM,10:00:00 PM,1
Spring Final,ESS SINC Site,Thursday , 09:00:00 AM,10:00:00 PM,1
Spring Final,ESS SINC Site,Friday , 09:00:00 AM,10:00:00 PM,1
Spring Final,ESS SINC Site,Saturday , 09:00:00 AM,10:00:00 PM,1
Spring Final,ESS SINC Site,Sunday , 09:00:00 AM,10:00:00 PM,1
Spring Final,Engineering SINC Site,Monday , 09:00:00 AM,10:00:00 PM,1
Spring Final,Engineering SINC Site,Tuesday , 09:00:00 AM,10:00:00 PM,1
Spring Final,Engineering SINC Site,Wednesday , 09:00:00 AM,10:00:00 PM,1
Spring Final,Engineering SINC Site,Thursday , 09:00:00 AM,10:00:00 PM,1
Spring Final,Engineering SINC Site,Friday , 09:00:00 AM,10:00:00 PM,1
Spring Final,Engineering SINC Site,Saturday , 09:00:00 AM,10:00:00 PM,1
Spring Final,Engineering SINC Site,Sunday , 09:00:00 AM,10:00:00 PM,1
Spring Final,Fine Arts Hybrid SINC Site,Monday , 09:00:00 AM,10:00:00 PM,1
Spring Final,Fine Arts Hybrid SINC Site,Tuesday , 09:00:00 AM,10:00:00 PM,1
Spring Final,Fine Arts Hybrid SINC Site,Wednesday , 09:00:00 AM,10:00:00 PM,1
Spring Final,Fine Arts Hybrid SINC Site,Thursday , 09:00:00 AM,10:00:00 PM,1
Spring Final,Fine Arts Hybrid SINC Site,Friday , 09:00:00 AM,10:00:00 PM,1
Spring Final,Fine Arts Hybrid SINC Site,Saturday , 09:00:00 AM,10:00:00 PM,1
Spring Final,Fine Arts Hybrid SINC Site,Sunday , 09:00:00 AM,10:00:00 PM,1
Spring Final,Fine Arts eMedia SINC Site,Monday , 09:00:00 AM,10:00:00 PM,1
Spring Final,Fine Arts eMedia SINC Site,Tuesday , 09:00:00 AM,10:00:00 PM,1
Spring Final,Fine Arts eMedia SINC Site,Wednesday , 09:00:00 AM,10:00:00 PM,1
Spring Final,Fine Arts eMedia SINC Site,Thursday , 09:00:00 AM,10:00:00 PM,1
Spring Final,Fine Arts eMedia SINC Site,Friday , 09:00:00 AM,10:00:00 PM,1
Spring Final,Fine Arts eMedia SINC Site,Saturday , 09:00:00 AM,10:00:00 PM,1
Spring Final,Fine Arts eMedia SINC Site,Sunday , 09:00:00 AM,10:00:00 PM,1
Spring Final,Harriman Hall SINC Site,Monday , 09:00:00 AM,10:00:00 PM,1
Spring Final,Harriman Hall SINC Site,Tuesday , 09:00:00 AM,10:00:00 PM,1
Spring Final,Harriman Hall SINC Site,Wednesday , 09:00:00 AM,10:00:00 PM,1
Spring Final,Harriman Hall SINC Site,Thursday , 09:00:00 AM,10:00:00 PM,1
Spring Final,Harriman Hall SINC Site,Friday , 09:00:00 AM,10:00:00 PM,1
Spring Final,Harriman Hall SINC Site,Saturday , 09:00:00 AM,10:00:00 PM,1
Spring Final,Harriman Hall SINC Site,Sunday , 09:00:00 AM,10:00:00 PM,1
Spring Final,Humanities SINC Site,Monday , 09:00:00 AM,10:00:00 PM,1
Spring Final,Humanities SINC Site,Tuesday , 09:00:00 AM,10:00:00 PM,1
Spring Final,Humanities SINC Site,Wednesday , 09:00:00 AM,10:00:00 PM,1
Spring Final,Humanities SINC Site,Thursday , 09:00:00 AM,10:00:00 PM,1
Spring Final,Humanities SINC Site,Friday , 09:00:00 AM,10:00:00 PM,1
Spring Final,Humanities SINC Site,Saturday , 09:00:00 AM,10:00:00 PM,1
Spring Final,Humanities SINC Site,Sunday , 09:00:00 AM,10:00:00 PM,1
Spring Final,Life Sciences SINC Site,Monday , 09:00:00 AM,10:00:00 PM,1
Spring Final,Life Sciences SINC Site,Tuesday , 09:00:00 AM,10:00:00 PM,1
Spring Final,Life Sciences SINC Site,Wednesday , 09:00:00 AM,10:00:00 PM,1
Spring Final,Life Sciences SINC Site,Thursday , 09:00:00 AM,10:00:00 PM,1
Spring Final,Life Sciences SINC Site,Friday , 09:00:00 AM,10:00:00 PM,1
Spring Final,Life Sciences SINC Site,Saturday , 09:00:00 AM,10:00:00 PM,1
Spring Final,Life Sciences SINC Site,Sunday , 09:00:00 AM,10:00:00 PM,1
Spring Final,Math SINC Site,Monday , 09:00:00 AM,10:00:00 PM,1
Spring Final,Math SINC Site,Tuesday , 09:00:00 AM,10:00:00 PM,1
Spring Final,Math SINC Site,Wednesday , 09:00:00 AM,10:00:00 PM,1
Spring Final,Math SINC Site,Thursday , 09:00:00 AM,10:00:00 PM,1
Spring Final,Math SINC Site,Friday , 09:00:00 AM,10:00:00 PM,1
Spring Final,Math SINC Site,Saturday , 09:00:00 AM,10:00:00 PM,1
Spring Final,Math SINC Site,Sunday , 09:00:00 AM,10:00:00 PM,1
Spring Final,Melville Library SINC Site,Monday , 09:00:00 AM,10:00:00 PM,1
Spring Final,Melville Library SINC Site,Tuesday , 09:00:00 AM,10:00:00 PM,1
Spring Final,Melville Library SINC Site,Wednesday , 09:00:00 AM,10:00:00 PM,1
Spring Final,Melville Library SINC Site,Thursday , 09:00:00 AM,10:00:00 PM,1
Spring Final,Melville Library SINC Site,Friday , 09:00:00 AM,10:00:00 PM,1
Spring Final,Melville Library SINC Site,Saturday , 09:00:00 AM,10:00:00 PM,1
Spring Final,Melville Library SINC Site,Sunday , 09:00:00 AM,10:00:00 PM,1
Spring Final,North Reading Room,Monday , 09:00:00 AM,10:00:00 PM,1
Spring Final,North Reading Room,Tuesday , 09:00:00 AM,10:00:00 PM,1
Spring Final,North Reading Room,Wednesday , 09:00:00 AM,10:00:00 PM,1
Spring Final,North Reading Room,Thursday , 09:00:00 AM,10:00:00 PM,1
Spring Final,North Reading Room,Friday , 09:00:00 AM,10:00:00 PM,1
Spring Final,North Reading Room,Saturday , 09:00:00 AM,10:00:00 PM,1
Spring Final,North Reading Room,Sunday , 09:00:00 AM,10:00:00 PM,1
Spring Final,Physics SINC Site,Monday , 09:00:00 AM,10:00:00 PM,1
Spring Final,Physics SINC Site,Tuesday , 09:00:00 AM,10:00:00 PM,1
Spring Final,Physics SINC Site,Wednesday , 09:00:00 AM,10:00:00 PM,1
Spring Final,Physics SINC Site,Thursday , 09:00:00 AM,10:00:00 PM,1
Spring Final,Physics SINC Site,Friday , 09:00:00 AM,10:00:00 PM,1
Spring Final,Physics SINC Site,Saturday , 09:00:00 AM,10:00:00 PM,1
Spring Final,Physics SINC Site,Sunday , 09:00:00 AM,10:00:00 PM,1
Spring Final,Social and Behavioral Sciences SINC Site,Monday , 09:00:00 AM,10:00:00 PM,1
Spring Final,Social and Behavioral Sciences SINC Site,Tuesday , 09:00:00 AM,10:00:00 PM,1
Spring Final,Social and Behavioral Sciences SINC Site,Wednesday , 09:00:00 AM,10:00:00 PM,1
Spring Final,Social and Behavioral Sciences SINC Site,Thursday , 09:00:00 AM,10:00:00 PM,1
Spring Final,Social and Behavioral Sciences SINC Site,Friday , 09:00:00 AM,10:00:00 PM,1
Spring Final,Social and Behavioral Sciences SINC Site,Saturday , 09:00:00 AM,10:00:00 PM,1
Spring Final,Social and Behavioral Sciences SINC Site,Sunday , 09:00:00 AM,10:00:00 PM,1
Spring Final,Sports Complex SINC Site,Monday , 09:00:00 AM,10:00:00 PM,1
Spring Final,Sports Complex SINC Site,Tuesday , 09:00:00 AM,10:00:00 PM,1
Spring Final,Sports Complex SINC Site,Wednesday , 09:00:00 AM,10:00:00 PM,1
Spring Final,Sports Complex SINC Site,Thursday , 09:00:00 AM,10:00:00 PM,1
Spring Final,Sports Complex SINC Site,Friday , 09:00:00 AM,10:00:00 PM,1
Spring Final,Sports Complex SINC Site,Saturday , 09:00:00 AM,10:00:00 PM,1
Spring Final,Sports Complex SINC Site,Sunday , 09:00:00 AM,10:00:00 PM,1
Spring Final,Tabler Digital Arts Media Lab,Monday , 09:00:00 AM,10:00:00 PM,1
Spring Final,Tabler Digital Arts Media Lab,Tuesday , 09:00:00 AM,10:00:00 PM,1
Spring Final,Tabler Digital Arts Media Lab,Wednesday , 09:00:00 AM,10:00:00 PM,1
Spring Final,Tabler Digital Arts Media Lab,Thursday , 09:00:00 AM,10:00:00 PM,1
Spring Final,Tabler Digital Arts Media Lab,Friday , 09:00:00 AM,10:00:00 PM,1
Spring Final,Tabler Digital Arts Media Lab,Saturday , 09:00:00 AM,10:00:00 PM,1
Spring Final,Tabler Digital Arts Media Lab,Sunday , 09:00:00 AM,10:00:00 PM,1
Summer I,Central Reading Room,Monday , 09:00:00 AM,10:00:00 PM,1
Summer I,Central Reading Room,Tuesday , 09:00:00 AM,10:00:00 PM,1
Summer I,Central Reading Room,Wednesday , 09:00:00 AM,10:00:00 PM,1
Summer I,Central Reading Room,Thursday , 09:00:00 AM,10:00:00 PM,1
Summer I,Central Reading Room,Friday , 09:00:00 AM,10:00:00 PM,1
Summer I,Central Reading Room,Saturday , 09:00:00 AM,10:00:00 PM,1
Summer I,Central Reading Room,Sunday , 09:00:00 AM,10:00:00 PM,1
Summer I,Chemistry 432 Sinc Site,Monday , 09:00:00 AM,10:00:00 PM,1
Summer I,Chemistry 432 Sinc Site,Tuesday , 09:00:00 AM,10:00:00 PM,1
Summer I,Chemistry 432 Sinc Site,Wednesday , 09:00:00 AM,10:00:00 PM,1
Summer I,Chemistry 432 Sinc Site,Thursday , 09:00:00 AM,10:00:00 PM,1
Summer I,Chemistry 432 Sinc Site,Friday , 09:00:00 AM,10:00:00 PM,1
Summer I,Chemistry 432 Sinc Site,Saturday , 09:00:00 AM,10:00:00 PM,1
Summer I,Chemistry 432 Sinc Site,Sunday , 09:00:00 AM,10:00:00 PM,1
Summer I,Chemistry 434 SINC Site,Monday , 09:00:00 AM,10:00:00 PM,1
Summer I,Chemistry 434 SINC Site,Tuesday , 09:00:00 AM,10:00:00 PM,1
Summer I,Chemistry 434 SINC Site,Wednesday , 09:00:00 AM,10:00:00 PM,1
Summer I,Chemistry 434 SINC Site,Thursday , 09:00:00 AM,10:00:00 PM,1
Summer I,Chemistry 434 SINC Site,Friday , 09:00:00 AM,10:00:00 PM,1
Summer I,Chemistry 434 SINC Site,Saturday , 09:00:00 AM,10:00:00 PM,1
Summer I,Chemistry 434 SINC Site,Sunday , 09:00:00 AM,10:00:00 PM,1
Summer I,Computer Science SINC Site,Monday , 09:00:00 AM,10:00:00 PM,1
Summer I,Computer Science SINC Site,Tuesday , 09:00:00 AM,10:00:00 PM,1
Summer I,Computer Science SINC Site,Wednesday , 09:00:00 AM,10:00:00 PM,1
Summer I,Computer Science SINC Site,Thursday , 09:00:00 AM,10:00:00 PM,1
Summer I,Computer Science SINC Site,Friday , 09:00:00 AM,10:00:00 PM,1
Summer I,Computer Science SINC Site,Saturday , 09:00:00 AM,10:00:00 PM,1
Summer I,Computer Science SINC Site,Sunday , 09:00:00 AM,10:00:00 PM,1
Summer I,ESS SINC Site,Monday , 09:00:00 AM,10:00:00 PM,1
Summer I,ESS SINC Site,Tuesday , 09:00:00 AM,10:00:00 PM,1
Summer I,ESS SINC Site,Wednesday , 09:00:00 AM,10:00:00 PM,1
Summer I,ESS SINC Site,Thursday , 09:00:00 AM,10:00:00 PM,1
Summer I,ESS SINC Site,Friday , 09:00:00 AM,10:00:00 PM,1
Summer I,ESS SINC Site,Saturday , 09:00:00 AM,10:00:00 PM,1
Summer I,ESS SINC Site,Sunday , 09:00:00 AM,10:00:00 PM,1
Summer I,Engineering SINC Site,Monday , 09:00:00 AM,10:00:00 PM,1
Summer I,Engineering SINC Site,Tuesday , 09:00:00 AM,10:00:00 PM,1
Summer I,Engineering SINC Site,Wednesday , 09:00:00 AM,10:00:00 PM,1
Summer I,Engineering SINC Site,Thursday , 09:00:00 AM,10:00:00 PM,1
Summer I,Engineering SINC Site,Friday , 09:00:00 AM,10:00:00 PM,1
Summer I,Engineering SINC Site,Saturday , 09:00:00 AM,10:00:00 PM,1
Summer I,Engineering SINC Site,Sunday , 09:00:00 AM,10:00:00 PM,1
Summer I,Fine Arts Hybrid SINC Site,Monday , 09:00:00 AM,10:00:00 PM,1
Summer I,Fine Arts Hybrid SINC Site,Tuesday , 09:00:00 AM,10:00:00 PM,1
Summer I,Fine Arts Hybrid SINC Site,Wednesday , 09:00:00 AM,10:00:00 PM,1
Summer I,Fine Arts Hybrid SINC Site,Thursday , 09:00:00 AM,10:00:00 PM,1
Summer I,Fine Arts Hybrid SINC Site,Friday , 09:00:00 AM,10:00:00 PM,1
Summer I,Fine Arts Hybrid SINC Site,Saturday , 09:00:00 AM,10:00:00 PM,1
Summer I,Fine Arts Hybrid SINC Site,Sunday , 09:00:00 AM,10:00:00 PM,1
Summer I,Fine Arts eMedia SINC Site,Monday , 09:00:00 AM,10:00:00 PM,1
Summer I,Fine Arts eMedia SINC Site,Tuesday , 09:00:00 AM,10:00:00 PM,1
Summer I,Fine Arts eMedia SINC Site,Wednesday , 09:00:00 AM,10:00:00 PM,1
Summer I,Fine Arts eMedia SINC Site,Thursday , 09:00:00 AM,10:00:00 PM,1
Summer I,Fine Arts eMedia SINC Site,Friday , 09:00:00 AM,10:00:00 PM,1
Summer I,Fine Arts eMedia SINC Site,Saturday , 09:00:00 AM,10:00:00 PM,1
Summer I,Fine Arts eMedia SINC Site,Sunday , 09:00:00 AM,10:00:00 PM,1
Summer I,Harriman Hall SINC Site,Monday , 09:00:00 AM,10:00:00 PM,1
Summer I,Harriman Hall SINC Site,Tuesday , 09:00:00 AM,10:00:00 PM,1
Summer I,Harriman Hall SINC Site,Wednesday , 09:00:00 AM,10:00:00 PM,1
Summer I,Harriman Hall SINC Site,Thursday , 09:00:00 AM,10:00:00 PM,1
Summer I,Harriman Hall SINC Site,Friday , 09:00:00 AM,10:00:00 PM,1
Summer I,Harriman Hall SINC Site,Saturday , 09:00:00 AM,10:00:00 PM,1
Summer I,Harriman Hall SINC Site,Sunday , 09:00:00 AM,10:00:00 PM,1
Summer I,Humanities SINC Site,Monday , 09:00:00 AM,10:00:00 PM,1
Summer I,Humanities SINC Site,Tuesday , 09:00:00 AM,10:00:00 PM,1
Summer I,Humanities SINC Site,Wednesday , 09:00:00 AM,10:00:00 PM,1
Summer I,Humanities SINC Site,Thursday , 09:00:00 AM,10:00:00 PM,1
Summer I,Humanities SINC Site,Friday , 09:00:00 AM,10:00:00 PM,1
Summer I,Humanities SINC Site,Saturday , 09:00:00 AM,10:00:00 PM,1
Summer I,Humanities SINC Site,Sunday , 09:00:00 AM,10:00:00 PM,1
Summer I,Life Sciences SINC Site,Monday , 09:00:00 AM,10:00:00 PM,1
Summer I,Life Sciences SINC Site,Tuesday , 09:00:00 AM,10:00:00 PM,1
Summer I,Life Sciences SINC Site,Wednesday , 09:00:00 AM,10:00:00 PM,1
Summer I,Life Sciences SINC Site,Thursday , 09:00:00 AM,10:00:00 PM,1
Summer I,Life Sciences SINC Site,Friday , 09:00:00 AM,10:00:00 PM,1
Summer I,Life Sciences SINC Site,Saturday , 09:00:00 AM,10:00:00 PM,1
Summer I,Life Sciences SINC Site,Sunday , 09:00:00 AM,10:00:00 PM,1
Summer I,Math SINC Site,Monday , 09:00:00 AM,10:00:00 PM,1
Summer I,Math SINC Site,Tuesday , 09:00:00 AM,10:00:00 PM,1
Summer I,Math SINC Site,Wednesday , 09:00:00 AM,10:00:00 PM,1
Summer I,Math SINC Site,Thursday , 09:00:00 AM,10:00:00 PM,1
Summer I,Math SINC Site,Friday , 09:00:00 AM,10:00:00 PM,1
Summer I,Math SINC Site,Saturday , 09:00:00 AM,10:00:00 PM,1
Summer I,Math SINC Site,Sunday , 09:00:00 AM,10:00:00 PM,1
Summer I,Melville Library SINC Site,Monday , 09:00:00 AM,10:00:00 PM,1
Summer I,Melville Library SINC Site,Tuesday , 09:00:00 AM,10:00:00 PM,1
Summer I,Melville Library SINC Site,Wednesday , 09:00:00 AM,10:00:00 PM,1
Summer I,Melville Library SINC Site,Thursday , 09:00:00 AM,10:00:00 PM,1
Summer I,Melville Library SINC Site,Friday , 09:00:00 AM,10:00:00 PM,1
Summer I,Melville Library SINC Site,Saturday , 09:00:00 AM,10:00:00 PM,1
Summer I,Melville Library SINC Site,Sunday , 09:00:00 AM,10:00:00 PM,1
Summer I,North Reading Room,Monday , 09:00:00 AM,10:00:00 PM,1
Summer I,North Reading Room,Tuesday , 09:00:00 AM,10:00:00 PM,1
Summer I,North Reading Room,Wednesday , 09:00:00 AM,10:00:00 PM,1
Summer I,North Reading Room,Thursday , 09:00:00 AM,10:00:00 PM,1
Summer I,North Reading Room,Friday , 09:00:00 AM,10:00:00 PM,1
Summer I,North Reading Room,Saturday , 09:00:00 AM,10:00:00 PM,1
Summer I,North Reading Room,Sunday , 09:00:00 AM,10:00:00 PM,1
Summer I,Physics SINC Site,Monday , 09:00:00 AM,10:00:00 PM,1
Summer I,Physics SINC Site,Tuesday , 09:00:00 AM,10:00:00 PM,1
Summer I,Physics SINC Site,Wednesday , 09:00:00 AM,10:00:00 PM,1
Summer I,Physics SINC Site,Thursday , 09:00:00 AM,10:00:00 PM,1
Summer I,Physics SINC Site,Friday , 09:00:00 AM,10:00:00 PM,1
Summer I,Physics SINC Site,Saturday , 09:00:00 AM,10:00:00 PM,1
Summer I,Physics SINC Site,Sunday , 09:00:00 AM,10:00:00 PM,1
Summer I,Social and Behavioral Sciences SINC Site,Monday , 09:00:00 AM,10:00:00 PM,1
Summer I,Social and Behavioral Sciences SINC Site,Tuesday , 09:00:00 AM,10:00:00 PM,1
Summer I,Social and Behavioral Sciences SINC Site,Wednesday , 09:00:00 AM,10:00:00 PM,1
Summer I,Social and Behavioral Sciences SINC Site,Thursday , 09:00:00 AM,10:00:00 PM,1
Summer I,Social and Behavioral Sciences SINC Site,Friday , 09:00:00 AM,10:00:00 PM,1
Summer I,Social and Behavioral Sciences SINC Site,Saturday , 09:00:00 AM,10:00:00 PM,1
Summer I,Social and Behavioral Sciences SINC Site,Sunday , 09:00:00 AM,10:00:00 PM,1
Summer I,Sports Complex SINC Site,Monday , 09:00:00 AM,10:00:00 PM,1
Summer I,Sports Complex SINC Site,Tuesday , 09:00:00 AM,10:00:00 PM,1
Summer I,Sports Complex SINC Site,Wednesday , 09:00:00 AM,10:00:00 PM,1
Summer I,Sports Complex SINC Site,Thursday , 09:00:00 AM,10:00:00 PM,1
Summer I,Sports Complex SINC Site,Friday , 09:00:00 AM,10:00:00 PM,1
Summer I,Sports Complex SINC Site,Saturday , 09:00:00 AM,10:00:00 PM,1
Summer I,Sports Complex SINC Site,Sunday , 09:00:00 AM,10:00:00 PM,1
Summer I,Tabler Digital Arts Media Lab,Monday , 09:00:00 AM,10:00:00 PM,1
Summer I,Tabler Digital Arts Media Lab,Tuesday , 09:00:00 AM,10:00:00 PM,1
Summer I,Tabler Digital Arts Media Lab,Wednesday , 09:00:00 AM,10:00:00 PM,1
Summer I,Tabler Digital Arts Media Lab,Thursday , 09:00:00 AM,10:00:00 PM,1
Summer I,Tabler Digital Arts Media Lab,Friday , 09:00:00 AM,10:00:00 PM,1
Summer I,Tabler Digital Arts Media Lab,Saturday , 09:00:00 AM,10:00:00 PM,1
Summer I,Tabler Digital Arts Media Lab,Sunday , 09:00:00 AM,10:00:00 PM,1
Summer II,Central Reading Room,Monday , 09:00:00 AM,10:00:00 PM,1
Summer II,Central Reading Room,Tuesday , 09:00:00 AM,10:00:00 PM,1
Summer II,Central Reading Room,Wednesday , 09:00:00 AM,10:00:00 PM,1
Summer II,Central Reading Room,Thursday , 09:00:00 AM,10:00:00 PM,1
Summer II,Central Reading Room,Friday , 09:00:00 AM,10:00:00 PM,1
Summer II,Central Reading Room,Saturday , 09:00:00 AM,10:00:00 PM,1
Summer II,Central Reading Room,Sunday , 09:00:00 AM,10:00:00 PM,1
Summer II,Chemistry 432 Sinc Site,Monday , 09:00:00 AM,10:00:00 PM,1
Summer II,Chemistry 432 Sinc Site,Tuesday , 09:00:00 AM,10:00:00 PM,1
Summer II,Chemistry 432 Sinc Site,Wednesday , 09:00:00 AM,10:00:00 PM,1
Summer II,Chemistry 432 Sinc Site,Thursday , 09:00:00 AM,10:00:00 PM,1
Summer II,Chemistry 432 Sinc Site,Friday , 09:00:00 AM,10:00:00 PM,1
Summer II,Chemistry 432 Sinc Site,Saturday , 09:00:00 AM,10:00:00 PM,1
Summer II,Chemistry 432 Sinc Site,Sunday , 09:00:00 AM,10:00:00 PM,1
Summer II,Chemistry 434 SINC Site,Monday , 09:00:00 AM,10:00:00 PM,1
Summer II,Chemistry 434 SINC Site,Tuesday , 09:00:00 AM,10:00:00 PM,1
Summer II,Chemistry 434 SINC Site,Wednesday , 09:00:00 AM,10:00:00 PM,1
Summer II,Chemistry 434 SINC Site,Thursday , 09:00:00 AM,10:00:00 PM,1
Summer II,Chemistry 434 SINC Site,Friday , 09:00:00 AM,10:00:00 PM,1
Summer II,Chemistry 434 SINC Site,Saturday , 09:00:00 AM,10:00:00 PM,1
Summer II,Chemistry 434 SINC Site,Sunday , 09:00:00 AM,10:00:00 PM,1
Summer II,Computer Science SINC Site,Monday , 09:00:00 AM,10:00:00 PM,1
Summer II,Computer Science SINC Site,Tuesday , 09:00:00 AM,10:00:00 PM,1
Summer II,Computer Science SINC Site,Wednesday , 09:00:00 AM,10:00:00 PM,1
Summer II,Computer Science SINC Site,Thursday , 09:00:00 AM,10:00:00 PM,1
Summer II,Computer Science SINC Site,Friday , 09:00:00 AM,10:00:00 PM,1
Summer II,Computer Science SINC Site,Saturday , 09:00:00 AM,10:00:00 PM,1
Summer II,Computer Science SINC Site,Sunday , 09:00:00 AM,10:00:00 PM,1
Summer II,ESS SINC Site,Monday , 09:00:00 AM,10:00:00 PM,1
Summer II,ESS SINC Site,Tuesday , 09:00:00 AM,10:00:00 PM,1
Summer II,ESS SINC Site,Wednesday , 09:00:00 AM,10:00:00 PM,1
Summer II,ESS SINC Site,Thursday , 09:00:00 AM,10:00:00 PM,1
Summer II,ESS SINC Site,Friday , 09:00:00 AM,10:00:00 PM,1
Summer II,ESS SINC Site,Saturday , 09:00:00 AM,10:00:00 PM,1
Summer II,ESS SINC Site,Sunday , 09:00:00 AM,10:00:00 PM,1
Summer II,Engineering SINC Site,Monday , 09:00:00 AM,10:00:00 PM,1
Summer II,Engineering SINC Site,Tuesday , 09:00:00 AM,10:00:00 PM,1
Summer II,Engineering SINC Site,Wednesday , 09:00:00 AM,10:00:00 PM,1
Summer II,Engineering SINC Site,Thursday , 09:00:00 AM,10:00:00 PM,1
Summer II,Engineering SINC Site,Friday , 09:00:00 AM,10:00:00 PM,1
Summer II,Engineering SINC Site,Saturday , 09:00:00 AM,10:00:00 PM,1
Summer II,Engineering SINC Site,Sunday , 09:00:00 AM,10:00:00 PM,1
Summer II,Fine Arts Hybrid SINC Site,Monday , 09:00:00 AM,10:00:00 PM,1
Summer II,Fine Arts Hybrid SINC Site,Tuesday , 09:00:00 AM,10:00:00 PM,1
Summer II,Fine Arts Hybrid SINC Site,Wednesday , 09:00:00 AM,10:00:00 PM,1
Summer II,Fine Arts Hybrid SINC Site,Thursday , 09:00:00 AM,10:00:00 PM,1
Summer II,Fine Arts Hybrid SINC Site,Friday , 09:00:00 AM,10:00:00 PM,1
Summer II,Fine Arts Hybrid SINC Site,Saturday , 09:00:00 AM,10:00:00 PM,1
Summer II,Fine Arts Hybrid SINC Site,Sunday , 09:00:00 AM,10:00:00 PM,1
Summer II,Fine Arts eMedia SINC Site,Monday , 09:00:00 AM,10:00:00 PM,1
Summer II,Fine Arts eMedia SINC Site,Tuesday , 09:00:00 AM,10:00:00 PM,1
Summer II,Fine Arts eMedia SINC Site,Wednesday , 09:00:00 AM,10:00:00 PM,1
Summer II,Fine Arts eMedia SINC Site,Thursday , 09:00:00 AM,10:00:00 PM,1
Summer II,Fine Arts eMedia SINC Site,Friday , 09:00:00 AM,10:00:00 PM,1
Summer II,Fine Arts eMedia SINC Site,Saturday , 09:00:00 AM,10:00:00 PM,1
Summer II,Fine Arts eMedia SINC Site,Sunday , 09:00:00 AM,10:00:00 PM,1
Summer II,Harriman Hall SINC Site,Monday , 09:00:00 AM,10:00:00 PM,1
Summer II,Harriman Hall SINC Site,Tuesday , 09:00:00 AM,10:00:00 PM,1
Summer II,Harriman Hall SINC Site,Wednesday , 09:00:00 AM,10:00:00 PM,1
Summer II,Harriman Hall SINC Site,Thursday , 09:00:00 AM,10:00:00 PM,1
Summer II,Harriman Hall SINC Site,Friday , 09:00:00 AM,10:00:00 PM,1
Summer II,Harriman Hall SINC Site,Saturday , 09:00:00 AM,10:00:00 PM,1
Summer II,Harriman Hall SINC Site,Sunday , 09:00:00 AM,10:00:00 PM,1
Summer II,Humanities SINC Site,Monday , 09:00:00 AM,10:00:00 PM,1
Summer II,Humanities SINC Site,Tuesday , 09:00:00 AM,10:00:00 PM,1
Summer II,Humanities SINC Site,Wednesday , 09:00:00 AM,10:00:00 PM,1
Summer II,Humanities SINC Site,Thursday , 09:00:00 AM,10:00:00 PM,1
Summer II,Humanities SINC Site,Friday , 09:00:00 AM,10:00:00 PM,1
Summer II,Humanities SINC Site,Saturday , 09:00:00 AM,10:00:00 PM,1
Summer II,Humanities SINC Site,Sunday , 09:00:00 AM,10:00:00 PM,1
Summer II,Life Sciences SINC Site,Monday , 09:00:00 AM,10:00:00 PM,1
Summer II,Life Sciences SINC Site,Tuesday , 09:00:00 AM,10:00:00 PM,1
Summer II,Life Sciences SINC Site,Wednesday , 09:00:00 AM,10:00:00 PM,1
Summer II,Life Sciences SINC Site,Thursday , 09:00:00 AM,10:00:00 PM,1
Summer II,Life Sciences SINC Site,Friday , 09:00:00 AM,10:00:00 PM,1
Summer II,Life Sciences SINC Site,Saturday , 09:00:00 AM,10:00:00 PM,1
Summer II,Life Sciences SINC Site,Sunday , 09:00:00 AM,10:00:00 PM,1
Summer II,Math SINC Site,Monday , 09:00:00 AM,10:00:00 PM,1
Summer II,Math SINC Site,Tuesday , 09:00:00 AM,10:00:00 PM,1
Summer II,Math SINC Site,Wednesday , 09:00:00 AM,10:00:00 PM,1
Summer II,Math SINC Site,Thursday , 09:00:00 AM,10:00:00 PM,1
Summer II,Math SINC Site,Friday , 09:00:00 AM,10:00:00 PM,1
Summer II,Math SINC Site,Saturday , 09:00:00 AM,10:00:00 PM,1
Summer II,Math SINC Site,Sunday , 09:00:00 AM,10:00:00 PM,1
Summer II,Melville Library SINC Site,Monday , 09:00:00 AM,10:00:00 PM,1
Summer II,Melville Library SINC Site,Tuesday , 09:00:00 AM,10:00:00 PM,1
Summer II,Melville Library SINC Site,Wednesday , 09:00:00 AM,10:00:00 PM,1
Summer II,Melville Library SINC Site,Thursday , 09:00:00 AM,10:00:00 PM,1
Summer II,Melville Library SINC Site,Friday , 09:00:00 AM,10:00:00 PM,1
Summer II,Melville Library SINC Site,Saturday , 09:00:00 AM,10:00:00 PM,1
Summer II,Melville Library SINC Site,Sunday , 09:00:00 AM,10:00:00 PM,1
Summer II,North Reading Room,Monday , 09:00:00 AM,10:00:00 PM,1
Summer II,North Reading Room,Tuesday , 09:00:00 AM,10:00:00 PM,1
Summer II,North Reading Room,Wednesday , 09:00:00 AM,10:00:00 PM,1
Summer II,North Reading Room,Thursday , 09:00:00 AM,10:00:00 PM,1
Summer II,North Reading Room,Friday , 09:00:00 AM,10:00:00 PM,1
Summer II,North Reading Room,Saturday , 09:00:00 AM,10:00:00 PM,1
Summer II,North Reading Room,Sunday , 09:00:00 AM,10:00:00 PM,1
Summer II,Physics SINC Site,Monday , 09:00:00 AM,10:00:00 PM,1
Summer II,Physics SINC Site,Tuesday , 09:00:00 AM,10:00:00 PM,1
Summer II,Physics SINC Site,Wednesday , 09:00:00 AM,10:00:00 PM,1
Summer II,Physics SINC Site,Thursday , 09:00:00 AM,10:00:00 PM,1
Summer II,Physics SINC Site,Friday , 09:00:00 AM,10:00:00 PM,1
Summer II,Physics SINC Site,Saturday , 09:00:00 AM,10:00:00 PM,1
Summer II,Physics SINC Site,Sunday , 09:00:00 AM,10:00:00 PM,1
Summer II,Social and Behavioral Sciences SINC Site,Monday , 09:00:00 AM,10:00:00 PM,1
Summer II,Social and Behavioral Sciences SINC Site,Tuesday , 09:00:00 AM,10:00:00 PM,1
Summer II,Social and Behavioral Sciences SINC Site,Wednesday , 09:00:00 AM,10:00:00 PM,1
Summer II,Social and Behavioral Sciences SINC Site,Thursday , 09:00:00 AM,10:00:00 PM,1
Summer II,Social and Behavioral Sciences SINC Site,Friday , 09:00:00 AM,10:00:00 PM,1
Summer II,Social and Behavioral Sciences SINC Site,Saturday , 09:00:00 AM,10:00:00 PM,1
Summer II,Social and Behavioral Sciences SINC Site,Sunday , 09:00:00 AM,10:00:00 PM,1
Summer II,Sports Complex SINC Site,Monday , 09:00:00 AM,10:00:00 PM,1
Summer II,Sports Complex SINC Site,Tuesday , 09:00:00 AM,10:00:00 PM,1
Summer II,Sports Complex SINC Site,Wednesday , 09:00:00 AM,10:00:00 PM,1
Summer II,Sports Complex SINC Site,Thursday , 09:00:00 AM,10:00:00 PM,1
Summer II,Sports Complex SINC Site,Friday , 09:00:00 AM,10:00:00 PM,1
Summer II,Sports Complex SINC Site,Saturday , 09:00:00 AM,10:00:00 PM,1
Summer II,Sports Complex SINC Site,Sunday , 09:00:00 AM,10:00:00 PM,1
Summer II,Tabler Digital Arts Media Lab,Monday , 09:00:00 AM,10:00:00 PM,1
Summer II,Tabler Digital Arts Media Lab,Tuesday , 09:00:00 AM,10:00:00 PM,1
Summer II,Tabler Digital Arts Media Lab,Wednesday , 09:00:00 AM,10:00:00 PM,1
Summer II,Tabler Digital Arts Media Lab,Thursday , 09:00:00 AM,10:00:00 PM,1
Summer II,Tabler Digital Arts Media Lab,Friday , 09:00:00 AM,10:00:00 PM,1
Summer II,Tabler Digital Arts Media Lab,Saturday , 09:00:00 AM,10:00:00 PM,1
Summer II,Tabler Digital Arts Media Lab,Sunday , 09:00:00 AM,10:00:00 PM,1